-- phpMyAdmin SQL Dump
-- version 4.6.4
-- https://www.phpmyadmin.net/
--
-- Host: 127.0.0.1
-- Generation Time: Aug 04, 2017 at 09:06 PM
-- Server version: 5.7.14
-- PHP Version: 5.6.25

SET SQL_MODE = "NO_AUTO_VALUE_ON_ZERO";
SET time_zone = "+00:00";


/*!40101 SET @OLD_CHARACTER_SET_CLIENT=@@CHARACTER_SET_CLIENT */;
/*!40101 SET @OLD_CHARACTER_SET_RESULTS=@@CHARACTER_SET_RESULTS */;
/*!40101 SET @OLD_COLLATION_CONNECTION=@@COLLATION_CONNECTION */;
/*!40101 SET NAMES utf8mb4 */;

--
-- Database: `scout`
--

-- --------------------------------------------------------

--
-- Table structure for table `comp`
--

CREATE TABLE `comp` (
  `id` int(11) UNSIGNED NOT NULL,
  `name` varchar(150) CHARACTER SET utf8 NOT NULL,
  `approval_request` tinyint(1) DEFAULT '0',
  `approval_by` int(8) DEFAULT NULL,
  `approval_at` datetime DEFAULT NULL,
  `created_by` int(11) NOT NULL,
  `created_at` timestamp NOT NULL DEFAULT CURRENT_TIMESTAMP,
  `updated_by` int(11) DEFAULT NULL,
  `updated_at` datetime DEFAULT NULL,
  `deleted_by` int(11) DEFAULT NULL,
  `deleted_at` datetime DEFAULT NULL,
  `is_deleted` tinyint(1) DEFAULT '0'
) ENGINE=MyISAM DEFAULT CHARSET=latin1;

--
-- Dumping data for table `comp`
--

INSERT INTO `comp` (`id`, `name`, `approval_request`, `approval_by`, `approval_at`, `created_by`, `created_at`, `updated_by`, `updated_at`, `deleted_by`, `deleted_at`, `is_deleted`) VALUES
(1, 'المخيم العربى الكشفى', 1, NULL, '2017-08-15 00:00:00', 6, '2017-08-02 04:36:01', NULL, NULL, NULL, NULL, 0),
(2, 'الجامبورى', 0, NULL, NULL, 7, '2017-08-02 04:36:01', NULL, NULL, NULL, NULL, 0);

-- --------------------------------------------------------

--
-- Table structure for table `compuser`
--

CREATE TABLE `compuser` (
  `id` int(10) UNSIGNED NOT NULL,
  `campId` int(10) NOT NULL,
  `userId` int(8) NOT NULL,
  `approval_request` tinyint(1) DEFAULT '0',
  `approval_by` int(8) DEFAULT NULL,
  `approval_at` datetime DEFAULT NULL,
  `created_by` int(11) DEFAULT NULL,
  `created_at` timestamp NOT NULL DEFAULT CURRENT_TIMESTAMP,
  `updated_by` int(11) DEFAULT NULL,
  `updated_at` timestamp NULL DEFAULT NULL ON UPDATE CURRENT_TIMESTAMP,
  `deleted_by` int(11) DEFAULT NULL,
  `deleted_at` datetime DEFAULT NULL,
  `is_deleted` tinyint(1) DEFAULT '0'
) ENGINE=MyISAM DEFAULT CHARSET=latin1;

--
-- Dumping data for table `compuser`
--

INSERT INTO `compuser` (`id`, `campId`, `userId`, `approval_request`, `approval_by`, `approval_at`, `created_by`, `created_at`, `updated_by`, `updated_at`, `deleted_by`, `deleted_at`, `is_deleted`) VALUES
(1, 4, 75, 0, 7, '2017-08-15 00:00:00', 0, '2017-08-02 07:06:14', NULL, NULL, NULL, NULL, 0),
(2, 4, 75, 0, 7, '2017-08-15 00:00:00', 0, '2017-08-02 07:06:14', NULL, NULL, NULL, NULL, 0),
(3, 1, 76, 0, 7, '2017-08-15 00:00:00', 0, '2017-08-02 07:13:05', NULL, NULL, NULL, NULL, 0),
(4, 2, 76, 0, 7, '2017-08-15 00:00:00', 0, '2017-08-02 07:13:05', NULL, NULL, NULL, NULL, 0),
(5, 1, 77, 0, 7, '2017-08-15 00:00:00', 0, '2017-08-02 07:14:01', NULL, NULL, NULL, NULL, 0),
(6, 2, 77, 0, 7, '2017-08-15 00:00:00', 0, '2017-08-02 07:14:01', NULL, NULL, NULL, NULL, 0),
(7, 2, 78, 0, 7, '2017-08-15 00:00:00', 0, '2017-08-02 07:38:22', NULL, NULL, NULL, NULL, 0),
(8, 1, 78, 0, 7, '2017-08-15 00:00:00', 0, '2017-08-02 07:38:22', NULL, NULL, NULL, NULL, 0),
(9, 2, 79, 0, 7, '2017-08-15 00:00:00', 0, '2017-08-02 07:39:24', NULL, NULL, NULL, NULL, 0),
(10, 1, 79, 0, 7, '2017-08-15 00:00:00', 0, '2017-08-02 07:39:24', NULL, NULL, NULL, NULL, 0),
(11, 2, 80, 0, 7, '2017-08-15 00:00:00', 0, '2017-08-02 07:40:22', NULL, NULL, NULL, NULL, 0),
(12, 1, 80, 0, 7, '2017-08-15 00:00:00', 0, '2017-08-02 07:40:22', NULL, NULL, NULL, NULL, 0),
(13, 2, 81, 0, 7, '2017-08-15 00:00:00', 0, '2017-08-02 07:40:33', NULL, NULL, NULL, NULL, 0),
(14, 1, 81, 0, 7, '2017-08-15 00:00:00', 0, '2017-08-02 07:40:33', NULL, NULL, NULL, NULL, 0),
(15, 2, 82, 0, 7, '2017-08-15 00:00:00', 0, '2017-08-02 07:41:40', NULL, NULL, NULL, NULL, 0),
(16, 1, 82, 0, 7, '2017-08-15 00:00:00', 0, '2017-08-02 07:41:40', NULL, NULL, NULL, NULL, 0),
(17, 2, 83, 0, 7, '2017-08-15 00:00:00', 0, '2017-08-02 07:41:42', NULL, NULL, NULL, NULL, 0),
(18, 1, 83, 0, 7, '2017-08-15 00:00:00', 0, '2017-08-02 07:41:42', NULL, NULL, NULL, NULL, 0),
(19, 2, 84, 0, 7, '2017-08-15 00:00:00', 0, '2017-08-02 07:41:45', NULL, NULL, NULL, NULL, 0),
(20, 1, 84, 0, 7, '2017-08-15 00:00:00', 0, '2017-08-02 07:41:45', NULL, NULL, NULL, NULL, 0),
(21, 2, 85, 0, 7, '2017-08-15 00:00:00', 0, '2017-08-02 07:42:13', NULL, NULL, NULL, NULL, 0),
(22, 1, 85, 0, 7, '2017-08-15 00:00:00', 0, '2017-08-02 07:42:13', NULL, NULL, NULL, NULL, 0),
(23, 2, 86, 0, 7, '2017-08-15 00:00:00', 0, '2017-08-02 07:42:29', NULL, NULL, NULL, NULL, 0),
(24, 1, 86, 0, 7, '2017-08-15 00:00:00', 0, '2017-08-02 07:42:29', NULL, NULL, NULL, NULL, 0),
(25, 2, 87, 0, 7, '2017-08-15 00:00:00', 0, '2017-08-02 07:43:34', NULL, NULL, NULL, NULL, 0),
(26, 2, 88, 0, 7, '2017-08-15 00:00:00', 0, '2017-08-02 07:49:06', NULL, NULL, NULL, NULL, 0),
(27, 2, 89, 0, 7, '2017-08-15 00:00:00', 0, '2017-08-02 07:51:17', NULL, NULL, NULL, NULL, 0),
(28, 2, 90, 0, 7, '2017-08-15 00:00:00', 0, '2017-08-02 07:53:05', NULL, NULL, NULL, NULL, 0),
(29, 2, 91, 0, 7, '2017-08-15 00:00:00', 0, '2017-08-02 07:54:10', NULL, NULL, NULL, NULL, 0);

-- --------------------------------------------------------

--
-- Table structure for table `contacttype`
--

CREATE TABLE `contacttype` (
  `id` int(11) NOT NULL,
  `name` varchar(50) NOT NULL,
  `created_by` int(11) NOT NULL,
  `created_at` timestamp NOT NULL DEFAULT CURRENT_TIMESTAMP,
  `updated_by` int(11) DEFAULT NULL,
  `updated_at` timestamp NULL DEFAULT NULL ON UPDATE CURRENT_TIMESTAMP,
  `deleted_by` int(11) DEFAULT NULL,
  `deleted_at` datetime DEFAULT NULL,
  `is_deleted` tinyint(1) DEFAULT '0'
) ENGINE=MyISAM DEFAULT CHARSET=latin1;

--
-- Dumping data for table `contacttype`
--

INSERT INTO `contacttype` (`id`, `name`, `created_by`, `created_at`, `updated_by`, `updated_at`, `deleted_by`, `deleted_at`, `is_deleted`) VALUES
(1, 'Address', 7, '2017-07-31 09:32:27', NULL, NULL, NULL, NULL, 0),
(2, 'Email', 7, '2017-07-31 09:32:27', NULL, NULL, NULL, NULL, 0),
(3, 'Phone', 7, '2017-07-31 09:33:54', NULL, NULL, NULL, NULL, 0),
(4, 'MapLocation', 7, '2017-07-31 09:33:54', NULL, NULL, NULL, NULL, 0);

-- --------------------------------------------------------

--
-- Table structure for table `contactuser`
--

CREATE TABLE `contactuser` (
  `id` int(10) NOT NULL,
  `userId` int(8) NOT NULL,
  `contactTypeId` int(2) NOT NULL,
  `contactValue` varchar(250) CHARACTER SET utf8 NOT NULL,
  `created_by` int(11) NOT NULL,
  `created_at` timestamp NOT NULL DEFAULT CURRENT_TIMESTAMP,
  `updated_by` int(11) DEFAULT NULL,
  `updated_at` timestamp NULL DEFAULT NULL ON UPDATE CURRENT_TIMESTAMP,
  `deleted_by` int(11) DEFAULT NULL,
  `deleted_at` datetime DEFAULT NULL,
  `is_deleted` tinyint(1) DEFAULT '0'
) ENGINE=MyISAM DEFAULT CHARSET=latin1;

--
-- Dumping data for table `contactuser`
--

INSERT INTO `contactuser` (`id`, `userId`, `contactTypeId`, `contactValue`, `created_by`, `created_at`, `updated_by`, `updated_at`, `deleted_by`, `deleted_at`, `is_deleted`) VALUES
(1, 14, 2, 'SilenceDeath@gmail.com', 7, '2017-07-31 13:50:55', NULL, NULL, NULL, NULL, 0),
(2, 14, 1, 'asd@asd.com', 7, '2017-07-31 13:50:55', NULL, NULL, NULL, NULL, 0),
(3, 14, 3, 'asdf', 7, '2017-07-31 13:50:55', NULL, NULL, NULL, NULL, 0),
(4, 15, 2, 'SilenceDeath@gmail.com', 0, '2017-08-01 09:32:22', NULL, NULL, NULL, NULL, 0),
(5, 15, 1, 'asd@asd.com', 0, '2017-08-01 09:32:22', NULL, NULL, NULL, NULL, 0),
(6, 15, 3, 'asdf', 0, '2017-08-01 09:32:22', NULL, NULL, NULL, NULL, 0),
(7, 16, 2, 'SilenceDeath@gmail.com', 0, '2017-08-02 01:55:14', NULL, NULL, NULL, NULL, 0),
(8, 16, 1, 'asd@asd.com', 0, '2017-08-02 01:55:14', NULL, NULL, NULL, NULL, 0),
(9, 16, 3, 'asdf', 0, '2017-08-02 01:55:14', NULL, NULL, NULL, NULL, 0),
(10, 17, 2, 'SilenceDeath@gmail.com', 0, '2017-08-02 01:56:27', NULL, NULL, NULL, NULL, 0),
(11, 17, 1, 'asd@asd.com', 0, '2017-08-02 01:56:27', NULL, NULL, NULL, NULL, 0),
(12, 17, 3, 'asdf', 0, '2017-08-02 01:56:27', NULL, NULL, NULL, NULL, 0),
(13, 18, 2, 'SilenceDeath@gmail.com', 0, '2017-08-02 01:56:58', NULL, NULL, NULL, NULL, 0),
(14, 18, 1, 'asd@asd.com', 0, '2017-08-02 01:56:58', NULL, NULL, NULL, NULL, 0),
(15, 18, 3, 'asdf', 0, '2017-08-02 01:56:58', NULL, NULL, NULL, NULL, 0),
(16, 19, 2, 'SilenceDeath@gmail.com', 0, '2017-08-02 01:57:44', NULL, NULL, NULL, NULL, 0),
(17, 19, 1, 'asd@asd.com', 0, '2017-08-02 01:57:44', NULL, NULL, NULL, NULL, 0),
(18, 19, 3, 'asdf', 0, '2017-08-02 01:57:44', NULL, NULL, NULL, NULL, 0),
(19, 20, 2, 'SilenceDeath@gmail.com', 0, '2017-08-02 01:58:30', NULL, NULL, NULL, NULL, 0),
(20, 20, 1, 'asd@asd.com', 0, '2017-08-02 01:58:30', NULL, NULL, NULL, NULL, 0),
(21, 20, 3, 'asdf', 0, '2017-08-02 01:58:30', NULL, NULL, NULL, NULL, 0),
(22, 21, 2, 'SilenceDeath@gmail.com', 0, '2017-08-02 02:00:21', NULL, NULL, NULL, NULL, 0),
(23, 21, 1, 'asd@asd.com', 0, '2017-08-02 02:00:21', NULL, NULL, NULL, NULL, 0),
(24, 21, 3, 'asdf', 0, '2017-08-02 02:00:21', NULL, NULL, NULL, NULL, 0),
(25, 22, 2, 'SilenceDeath@gmail.com', 0, '2017-08-02 02:00:34', NULL, NULL, NULL, NULL, 0),
(26, 22, 1, 'asd@asd.com', 0, '2017-08-02 02:00:34', NULL, NULL, NULL, NULL, 0),
(27, 22, 3, 'asdf', 0, '2017-08-02 02:00:34', NULL, NULL, NULL, NULL, 0),
(28, 23, 2, 'SilenceDeath@gmail.com', 0, '2017-08-02 02:02:08', NULL, NULL, NULL, NULL, 0),
(29, 23, 1, 'asd@asd.com', 0, '2017-08-02 02:02:08', NULL, NULL, NULL, NULL, 0),
(30, 23, 3, 'asdf', 0, '2017-08-02 02:02:08', NULL, NULL, NULL, NULL, 0),
(31, 24, 2, 'SilenceDeath@gmail.com', 0, '2017-08-02 02:03:16', NULL, NULL, NULL, NULL, 0),
(32, 24, 1, 'asd@asd.com', 0, '2017-08-02 02:03:16', NULL, NULL, NULL, NULL, 0),
(33, 24, 3, 'asdf', 0, '2017-08-02 02:03:16', NULL, NULL, NULL, NULL, 0),
(34, 25, 2, 'SilenceDeath@gmail.com', 0, '2017-08-02 02:04:48', NULL, NULL, NULL, NULL, 0),
(35, 25, 1, 'asd@asd.com', 0, '2017-08-02 02:04:48', NULL, NULL, NULL, NULL, 0),
(36, 25, 3, 'asdf', 0, '2017-08-02 02:04:48', NULL, NULL, NULL, NULL, 0),
(37, 26, 2, 'SilenceDeath@gmail.com', 0, '2017-08-02 03:01:09', NULL, NULL, NULL, NULL, 0),
(38, 26, 1, 'asd@asd.com', 0, '2017-08-02 03:01:09', NULL, NULL, NULL, NULL, 0),
(39, 26, 3, 'asdf', 0, '2017-08-02 03:01:09', NULL, NULL, NULL, NULL, 0),
(40, 27, 2, 'SilenceDeath@gmail.com', 0, '2017-08-02 05:11:07', NULL, NULL, NULL, NULL, 0),
(41, 27, 1, 'asd@asd.com', 0, '2017-08-02 05:11:07', NULL, NULL, NULL, NULL, 0),
(42, 27, 3, 'asdf', 0, '2017-08-02 05:11:07', NULL, NULL, NULL, NULL, 0),
(43, 28, 2, 'SilenceDeath@gmail.com', 0, '2017-08-02 05:12:42', NULL, NULL, NULL, NULL, 0),
(44, 28, 1, 'asd@asd.com', 0, '2017-08-02 05:12:42', NULL, NULL, NULL, NULL, 0),
(45, 28, 3, 'asdf', 0, '2017-08-02 05:12:42', NULL, NULL, NULL, NULL, 0),
(46, 29, 2, 'SilenceDeath@gmail.com', 0, '2017-08-02 05:13:06', NULL, NULL, NULL, NULL, 0),
(47, 29, 1, 'asd@asd.com', 0, '2017-08-02 05:13:06', NULL, NULL, NULL, NULL, 0),
(48, 29, 3, 'asdf', 0, '2017-08-02 05:13:06', NULL, NULL, NULL, NULL, 0),
(49, 30, 2, 'SilenceDeath@gmail.com', 0, '2017-08-02 05:14:02', NULL, NULL, NULL, NULL, 0),
(50, 30, 1, 'asd@asd.com', 0, '2017-08-02 05:14:02', NULL, NULL, NULL, NULL, 0),
(51, 30, 3, 'asdf', 0, '2017-08-02 05:14:02', NULL, NULL, NULL, NULL, 0),
(52, 31, 2, 'SilenceDeath@gmail.com', 0, '2017-08-02 05:14:38', NULL, NULL, NULL, NULL, 0),
(53, 31, 1, 'asd@asd.com', 0, '2017-08-02 05:14:38', NULL, NULL, NULL, NULL, 0),
(54, 31, 3, 'asdf', 0, '2017-08-02 05:14:38', NULL, NULL, NULL, NULL, 0),
(55, 32, 2, 'SilenceDeath@gmail.com', 0, '2017-08-02 05:15:18', NULL, NULL, NULL, NULL, 0),
(56, 32, 1, 'asd@asd.com', 0, '2017-08-02 05:15:18', NULL, NULL, NULL, NULL, 0),
(57, 32, 3, 'asdf', 0, '2017-08-02 05:15:18', NULL, NULL, NULL, NULL, 0),
(58, 33, 2, 'SilenceDeath@gmail.com', 0, '2017-08-02 05:15:24', NULL, NULL, NULL, NULL, 0),
(59, 33, 1, 'asd@asd.com', 0, '2017-08-02 05:15:24', NULL, NULL, NULL, NULL, 0),
(60, 33, 3, 'asdf', 0, '2017-08-02 05:15:24', NULL, NULL, NULL, NULL, 0),
(61, 34, 2, 'SilenceDeath@gmail.com', 0, '2017-08-02 05:15:31', NULL, NULL, NULL, NULL, 0),
(62, 34, 1, 'asd@asd.com', 0, '2017-08-02 05:15:31', NULL, NULL, NULL, NULL, 0),
(63, 34, 3, 'asdf', 0, '2017-08-02 05:15:31', NULL, NULL, NULL, NULL, 0),
(64, 35, 2, 'SilenceDeath@gmail.com', 0, '2017-08-02 05:15:35', NULL, NULL, NULL, NULL, 0),
(65, 35, 1, 'asd@asd.com', 0, '2017-08-02 05:15:35', NULL, NULL, NULL, NULL, 0),
(66, 35, 3, 'asdf', 0, '2017-08-02 05:15:35', NULL, NULL, NULL, NULL, 0),
(67, 36, 2, 'SilenceDeath@gmail.com', 0, '2017-08-02 05:15:41', NULL, NULL, NULL, NULL, 0),
(68, 36, 1, 'asd@asd.com', 0, '2017-08-02 05:15:41', NULL, NULL, NULL, NULL, 0),
(69, 36, 3, 'asdf', 0, '2017-08-02 05:15:41', NULL, NULL, NULL, NULL, 0),
(70, 37, 2, 'SilenceDeath@gmail.com', 0, '2017-08-02 05:17:06', NULL, NULL, NULL, NULL, 0),
(71, 37, 1, 'asd@asd.com', 0, '2017-08-02 05:17:06', NULL, NULL, NULL, NULL, 0),
(72, 37, 3, 'asdf', 0, '2017-08-02 05:17:06', NULL, NULL, NULL, NULL, 0),
(73, 38, 2, 'SilenceDeath@gmail.com', 0, '2017-08-02 05:17:10', NULL, NULL, NULL, NULL, 0),
(74, 38, 1, 'asd@asd.com', 0, '2017-08-02 05:17:10', NULL, NULL, NULL, NULL, 0),
(75, 38, 3, 'asdf', 0, '2017-08-02 05:17:10', NULL, NULL, NULL, NULL, 0),
(76, 39, 2, 'SilenceDeath@gmail.com', 0, '2017-08-02 05:17:14', NULL, NULL, NULL, NULL, 0),
(77, 39, 1, 'asd@asd.com', 0, '2017-08-02 05:17:14', NULL, NULL, NULL, NULL, 0),
(78, 39, 3, 'asdf', 0, '2017-08-02 05:17:14', NULL, NULL, NULL, NULL, 0),
(79, 40, 2, 'SilenceDeath@gmail.com', 0, '2017-08-02 05:17:31', NULL, NULL, NULL, NULL, 0),
(80, 40, 1, 'asd@asd.com', 0, '2017-08-02 05:17:31', NULL, NULL, NULL, NULL, 0),
(81, 40, 3, 'asdf', 0, '2017-08-02 05:17:31', NULL, NULL, NULL, NULL, 0),
(82, 41, 2, 'SilenceDeath@gmail.com', 0, '2017-08-02 05:18:11', NULL, NULL, NULL, NULL, 0),
(83, 41, 1, 'asd@asd.com', 0, '2017-08-02 05:18:11', NULL, NULL, NULL, NULL, 0),
(84, 41, 3, 'asdf', 0, '2017-08-02 05:18:11', NULL, NULL, NULL, NULL, 0),
(85, 42, 2, 'SilenceDeath@gmail.com', 0, '2017-08-02 05:18:27', NULL, NULL, NULL, NULL, 0),
(86, 42, 1, 'asd@asd.com', 0, '2017-08-02 05:18:27', NULL, NULL, NULL, NULL, 0),
(87, 42, 3, 'asdf', 0, '2017-08-02 05:18:27', NULL, NULL, NULL, NULL, 0),
(88, 43, 2, 'SilenceDeath@gmail.com', 0, '2017-08-02 05:19:59', NULL, NULL, NULL, NULL, 0),
(89, 43, 1, 'asd@asd.com', 0, '2017-08-02 05:19:59', NULL, NULL, NULL, NULL, 0),
(90, 43, 3, 'asdf', 0, '2017-08-02 05:19:59', NULL, NULL, NULL, NULL, 0),
(91, 44, 2, 'SilenceDeath@gmail.com', 0, '2017-08-02 05:21:09', NULL, NULL, NULL, NULL, 0),
(92, 44, 1, 'asd@asd.com', 0, '2017-08-02 05:21:09', NULL, NULL, NULL, NULL, 0),
(93, 44, 3, 'asdf', 0, '2017-08-02 05:21:09', NULL, NULL, NULL, NULL, 0),
(94, 45, 2, 'SilenceDeath@gmail.com', 0, '2017-08-02 05:21:17', NULL, NULL, NULL, NULL, 0),
(95, 45, 1, 'asd@asd.com', 0, '2017-08-02 05:21:17', NULL, NULL, NULL, NULL, 0),
(96, 45, 3, 'asdf', 0, '2017-08-02 05:21:17', NULL, NULL, NULL, NULL, 0),
(97, 46, 2, 'SilenceDeath@gmail.com', 0, '2017-08-02 05:21:30', NULL, NULL, NULL, NULL, 0),
(98, 46, 1, 'asd@asd.com', 0, '2017-08-02 05:21:30', NULL, NULL, NULL, NULL, 0),
(99, 46, 3, 'asdf', 0, '2017-08-02 05:21:30', NULL, NULL, NULL, NULL, 0),
(100, 47, 2, 'SilenceDeath@gmail.com', 0, '2017-08-02 05:22:31', NULL, NULL, NULL, NULL, 0),
(101, 47, 1, 'asd@asd.com', 0, '2017-08-02 05:22:31', NULL, NULL, NULL, NULL, 0),
(102, 47, 3, 'asdf', 0, '2017-08-02 05:22:31', NULL, NULL, NULL, NULL, 0),
(103, 48, 2, 'SilenceDeath@gmail.com', 0, '2017-08-02 05:23:12', NULL, NULL, NULL, NULL, 0),
(104, 48, 1, 'asd@asd.com', 0, '2017-08-02 05:23:12', NULL, NULL, NULL, NULL, 0),
(105, 48, 3, 'asdf', 0, '2017-08-02 05:23:12', NULL, NULL, NULL, NULL, 0),
(106, 49, 2, 'SilenceDeath@gmail.com', 0, '2017-08-02 05:23:39', NULL, NULL, NULL, NULL, 0),
(107, 49, 1, 'asd@asd.com', 0, '2017-08-02 05:23:39', NULL, NULL, NULL, NULL, 0),
(108, 49, 3, 'asdf', 0, '2017-08-02 05:23:39', NULL, NULL, NULL, NULL, 0),
(109, 50, 2, 'SilenceDeath@gmail.com', 0, '2017-08-02 05:24:18', NULL, NULL, NULL, NULL, 0),
(110, 50, 1, 'asd@asd.com', 0, '2017-08-02 05:24:18', NULL, NULL, NULL, NULL, 0),
(111, 50, 3, 'asdf', 0, '2017-08-02 05:24:18', NULL, NULL, NULL, NULL, 0),
(112, 51, 2, 'SilenceDeath@gmail.com', 0, '2017-08-02 05:24:27', NULL, NULL, NULL, NULL, 0),
(113, 51, 1, 'asd@asd.com', 0, '2017-08-02 05:24:27', NULL, NULL, NULL, NULL, 0),
(114, 51, 3, 'asdf', 0, '2017-08-02 05:24:27', NULL, NULL, NULL, NULL, 0),
(115, 52, 2, 'SilenceDeath@gmail.com', 0, '2017-08-02 05:24:36', NULL, NULL, NULL, NULL, 0),
(116, 52, 1, 'asd@asd.com', 0, '2017-08-02 05:24:36', NULL, NULL, NULL, NULL, 0),
(117, 52, 3, 'asdf', 0, '2017-08-02 05:24:36', NULL, NULL, NULL, NULL, 0),
(118, 53, 2, 'SilenceDeath@gmail.com', 0, '2017-08-02 05:45:25', NULL, NULL, NULL, NULL, 0),
(119, 53, 1, 'asd@asd.com', 0, '2017-08-02 05:45:25', NULL, NULL, NULL, NULL, 0),
(120, 53, 3, 'asdf', 0, '2017-08-02 05:45:25', NULL, NULL, NULL, NULL, 0),
(121, 54, 2, 'SilenceDeath@gmail.com', 0, '2017-08-02 05:45:54', NULL, NULL, NULL, NULL, 0),
(122, 54, 1, 'asd@asd.com', 0, '2017-08-02 05:45:54', NULL, NULL, NULL, NULL, 0),
(123, 54, 3, 'asdf', 0, '2017-08-02 05:45:54', NULL, NULL, NULL, NULL, 0),
(124, 55, 2, 'SilenceDeath@gmail.com', 0, '2017-08-02 05:47:29', NULL, NULL, NULL, NULL, 0),
(125, 55, 1, 'asd@asd.com', 0, '2017-08-02 05:47:29', NULL, NULL, NULL, NULL, 0),
(126, 55, 3, 'asdf', 0, '2017-08-02 05:47:29', NULL, NULL, NULL, NULL, 0),
(127, 56, 2, 'SilenceDeath@gmail.com', 0, '2017-08-02 05:47:45', NULL, NULL, NULL, NULL, 0),
(128, 56, 1, 'asd@asd.com', 0, '2017-08-02 05:47:45', NULL, NULL, NULL, NULL, 0),
(129, 56, 3, 'asdf', 0, '2017-08-02 05:47:45', NULL, NULL, NULL, NULL, 0),
(130, 57, 2, 'SilenceDeath@gmail.com', 0, '2017-08-02 05:58:03', NULL, NULL, NULL, NULL, 0),
(131, 57, 1, 'asd@asd.com', 0, '2017-08-02 05:58:03', NULL, NULL, NULL, NULL, 0),
(132, 57, 3, 'asdf', 0, '2017-08-02 05:58:03', NULL, NULL, NULL, NULL, 0),
(133, 58, 2, 'SilenceDeath@gmail.com', 0, '2017-08-02 06:05:15', NULL, NULL, NULL, NULL, 0),
(134, 58, 1, 'asd@asd.com', 0, '2017-08-02 06:05:15', NULL, NULL, NULL, NULL, 0),
(135, 58, 3, 'asdf', 0, '2017-08-02 06:05:15', NULL, NULL, NULL, NULL, 0),
(136, 59, 2, 'SilenceDeath@gmail.com', 0, '2017-08-02 06:18:22', NULL, NULL, NULL, NULL, 0),
(137, 59, 1, 'asd@asd.com', 0, '2017-08-02 06:18:22', NULL, NULL, NULL, NULL, 0),
(138, 59, 3, 'asdf', 0, '2017-08-02 06:18:22', NULL, NULL, NULL, NULL, 0),
(139, 60, 2, 'SilenceDeath@gmail.com', 0, '2017-08-02 06:54:19', NULL, NULL, NULL, NULL, 0),
(140, 60, 1, 'asd@asd.com', 0, '2017-08-02 06:54:19', NULL, NULL, NULL, NULL, 0),
(141, 60, 3, 'asdf', 0, '2017-08-02 06:54:19', NULL, NULL, NULL, NULL, 0),
(142, 61, 2, 'SilenceDeath@gmail.com', 0, '2017-08-02 06:55:40', NULL, NULL, NULL, NULL, 0),
(143, 61, 1, 'asd@asd.com', 0, '2017-08-02 06:55:40', NULL, NULL, NULL, NULL, 0),
(144, 61, 3, 'asdf', 0, '2017-08-02 06:55:40', NULL, NULL, NULL, NULL, 0),
(145, 62, 2, 'SilenceDeath@gmail.com', 0, '2017-08-02 06:55:59', NULL, NULL, NULL, NULL, 0),
(146, 62, 1, 'asd@asd.com', 0, '2017-08-02 06:55:59', NULL, NULL, NULL, NULL, 0),
(147, 62, 3, 'asdf', 0, '2017-08-02 06:55:59', NULL, NULL, NULL, NULL, 0),
(148, 63, 2, 'SilenceDeath@gmail.com', 0, '2017-08-02 06:57:54', NULL, NULL, NULL, NULL, 0),
(149, 63, 1, 'asd@asd.com', 0, '2017-08-02 06:57:54', NULL, NULL, NULL, NULL, 0),
(150, 63, 3, 'asdf', 0, '2017-08-02 06:57:54', NULL, NULL, NULL, NULL, 0),
(151, 64, 2, 'SilenceDeath@gmail.com', 0, '2017-08-02 06:58:55', NULL, NULL, NULL, NULL, 0),
(152, 64, 1, 'asd@asd.com', 0, '2017-08-02 06:58:55', NULL, NULL, NULL, NULL, 0),
(153, 64, 3, 'asdf', 0, '2017-08-02 06:58:55', NULL, NULL, NULL, NULL, 0),
(154, 65, 2, 'SilenceDeath@gmail.com', 0, '2017-08-02 06:59:24', NULL, NULL, NULL, NULL, 0),
(155, 65, 1, 'asd@asd.com', 0, '2017-08-02 06:59:24', NULL, NULL, NULL, NULL, 0),
(156, 65, 3, 'asdf', 0, '2017-08-02 06:59:24', NULL, NULL, NULL, NULL, 0),
(157, 66, 2, 'SilenceDeath@gmail.com', 0, '2017-08-02 07:00:11', NULL, NULL, NULL, NULL, 0),
(158, 66, 1, 'asd@asd.com', 0, '2017-08-02 07:00:11', NULL, NULL, NULL, NULL, 0),
(159, 66, 3, 'asdf', 0, '2017-08-02 07:00:11', NULL, NULL, NULL, NULL, 0),
(160, 67, 2, 'SilenceDeath@gmail.com', 0, '2017-08-02 07:00:19', NULL, NULL, NULL, NULL, 0),
(161, 67, 1, 'asd@asd.com', 0, '2017-08-02 07:00:19', NULL, NULL, NULL, NULL, 0),
(162, 67, 3, 'asdf', 0, '2017-08-02 07:00:19', NULL, NULL, NULL, NULL, 0),
(163, 68, 2, 'SilenceDeath@gmail.com', 0, '2017-08-02 07:01:23', NULL, NULL, NULL, NULL, 0),
(164, 68, 1, 'asd@asd.com', 0, '2017-08-02 07:01:23', NULL, NULL, NULL, NULL, 0),
(165, 68, 3, 'asdf', 0, '2017-08-02 07:01:23', NULL, NULL, NULL, NULL, 0),
(166, 69, 2, 'SilenceDeath@gmail.com', 0, '2017-08-02 07:01:36', NULL, NULL, NULL, NULL, 0),
(167, 69, 1, 'asd@asd.com', 0, '2017-08-02 07:01:36', NULL, NULL, NULL, NULL, 0),
(168, 69, 3, 'asdf', 0, '2017-08-02 07:01:36', NULL, NULL, NULL, NULL, 0),
(169, 70, 2, 'SilenceDeath@gmail.com', 0, '2017-08-02 07:03:27', NULL, NULL, NULL, NULL, 0),
(170, 70, 1, 'asd@asd.com', 0, '2017-08-02 07:03:27', NULL, NULL, NULL, NULL, 0),
(171, 70, 3, 'asdf', 0, '2017-08-02 07:03:27', NULL, NULL, NULL, NULL, 0),
(172, 71, 2, 'SilenceDeath@gmail.com', 0, '2017-08-02 07:03:54', NULL, NULL, NULL, NULL, 0),
(173, 71, 1, 'asd@asd.com', 0, '2017-08-02 07:03:54', NULL, NULL, NULL, NULL, 0),
(174, 71, 3, 'asdf', 0, '2017-08-02 07:03:54', NULL, NULL, NULL, NULL, 0),
(175, 72, 2, 'SilenceDeath@gmail.com', 0, '2017-08-02 07:04:55', NULL, NULL, NULL, NULL, 0),
(176, 72, 1, 'asd@asd.com', 0, '2017-08-02 07:04:55', NULL, NULL, NULL, NULL, 0),
(177, 72, 3, 'asdf', 0, '2017-08-02 07:04:55', NULL, NULL, NULL, NULL, 0),
(178, 73, 2, 'SilenceDeath@gmail.com', 0, '2017-08-02 07:05:06', NULL, NULL, NULL, NULL, 0),
(179, 73, 1, 'asd@asd.com', 0, '2017-08-02 07:05:06', NULL, NULL, NULL, NULL, 0),
(180, 73, 3, 'asdf', 0, '2017-08-02 07:05:06', NULL, NULL, NULL, NULL, 0),
(181, 74, 2, 'SilenceDeath@gmail.com', 0, '2017-08-02 07:05:35', NULL, NULL, NULL, NULL, 0),
(182, 74, 1, 'asd@asd.com', 0, '2017-08-02 07:05:35', NULL, NULL, NULL, NULL, 0),
(183, 74, 3, 'asdf', 0, '2017-08-02 07:05:35', NULL, NULL, NULL, NULL, 0),
(184, 75, 2, 'SilenceDeath@gmail.com', 0, '2017-08-02 07:06:14', NULL, NULL, NULL, NULL, 0),
(185, 75, 1, 'asd@asd.com', 0, '2017-08-02 07:06:14', NULL, NULL, NULL, NULL, 0),
(186, 75, 3, 'asdf', 0, '2017-08-02 07:06:14', NULL, NULL, NULL, NULL, 0),
(187, 76, 2, 'SilenceDeath@gmail.com', 0, '2017-08-02 07:13:05', NULL, NULL, NULL, NULL, 0),
(188, 76, 1, 'asd@asd.com', 0, '2017-08-02 07:13:05', NULL, NULL, NULL, NULL, 0),
(189, 76, 3, 'asdf', 0, '2017-08-02 07:13:05', NULL, NULL, NULL, NULL, 0),
(190, 77, 2, 'SilenceDeath@gmail.com', 0, '2017-08-02 07:14:01', NULL, NULL, NULL, NULL, 0),
(191, 77, 1, 'asd@asd.com', 0, '2017-08-02 07:14:01', NULL, NULL, NULL, NULL, 0),
(192, 77, 3, 'asdf', 0, '2017-08-02 07:14:01', NULL, NULL, NULL, NULL, 0),
(193, 78, 2, 'SilenceDeath@gmail.com', 0, '2017-08-02 07:38:22', NULL, NULL, NULL, NULL, 0),
(194, 78, 1, 'asd@asd.com', 0, '2017-08-02 07:38:22', NULL, NULL, NULL, NULL, 0),
(195, 78, 3, 'asdf', 0, '2017-08-02 07:38:22', NULL, NULL, NULL, NULL, 0),
(196, 79, 2, 'SilenceDeath@gmail.com', 0, '2017-08-02 07:39:24', NULL, NULL, NULL, NULL, 0),
(197, 79, 1, 'asd@asd.com', 0, '2017-08-02 07:39:24', NULL, NULL, NULL, NULL, 0),
(198, 79, 3, 'asdf', 0, '2017-08-02 07:39:24', NULL, NULL, NULL, NULL, 0),
(199, 80, 2, 'SilenceDeath@gmail.com', 0, '2017-08-02 07:40:22', NULL, NULL, NULL, NULL, 0),
(200, 80, 1, 'asd@asd.com', 0, '2017-08-02 07:40:22', NULL, NULL, NULL, NULL, 0),
(201, 80, 3, 'asdf', 0, '2017-08-02 07:40:22', NULL, NULL, NULL, NULL, 0),
(202, 81, 2, 'SilenceDeath@gmail.com', 0, '2017-08-02 07:40:33', NULL, NULL, NULL, NULL, 0),
(203, 81, 1, 'asd@asd.com', 0, '2017-08-02 07:40:33', NULL, NULL, NULL, NULL, 0),
(204, 81, 3, 'asdf', 0, '2017-08-02 07:40:33', NULL, NULL, NULL, NULL, 0),
(205, 82, 2, 'SilenceDeath@gmail.com', 0, '2017-08-02 07:41:40', NULL, NULL, NULL, NULL, 0),
(206, 82, 1, 'asd@asd.com', 0, '2017-08-02 07:41:40', NULL, NULL, NULL, NULL, 0),
(207, 82, 3, 'asdf', 0, '2017-08-02 07:41:40', NULL, NULL, NULL, NULL, 0),
(208, 83, 2, 'SilenceDeath@gmail.com', 0, '2017-08-02 07:41:42', NULL, NULL, NULL, NULL, 0),
(209, 83, 1, 'asd@asd.com', 0, '2017-08-02 07:41:42', NULL, NULL, NULL, NULL, 0),
(210, 83, 3, 'asdf', 0, '2017-08-02 07:41:42', NULL, NULL, NULL, NULL, 0),
(211, 84, 2, 'SilenceDeath@gmail.com', 0, '2017-08-02 07:41:45', NULL, NULL, NULL, NULL, 0),
(212, 84, 1, 'asd@asd.com', 0, '2017-08-02 07:41:45', NULL, NULL, NULL, NULL, 0),
(213, 84, 3, 'asdf', 0, '2017-08-02 07:41:45', NULL, NULL, NULL, NULL, 0),
(214, 85, 2, 'SilenceDeath@gmail.com', 0, '2017-08-02 07:42:13', NULL, NULL, NULL, NULL, 0),
(215, 85, 1, 'asd@asd.com', 0, '2017-08-02 07:42:13', NULL, NULL, NULL, NULL, 0),
(216, 85, 3, 'asdf', 0, '2017-08-02 07:42:13', NULL, NULL, NULL, NULL, 0),
(217, 86, 2, 'SilenceDeath@gmail.com', 0, '2017-08-02 07:42:29', NULL, NULL, NULL, NULL, 0),
(218, 86, 1, 'asd@asd.com', 0, '2017-08-02 07:42:29', NULL, NULL, NULL, NULL, 0),
(219, 86, 3, 'asdf', 0, '2017-08-02 07:42:29', NULL, NULL, NULL, NULL, 0),
(220, 87, 2, 'SilenceDeath@gmail.com', 0, '2017-08-02 07:43:34', NULL, NULL, NULL, NULL, 0),
(221, 87, 1, 'asd@asd.com', 0, '2017-08-02 07:43:34', NULL, NULL, NULL, NULL, 0),
(222, 87, 3, 'asdf', 0, '2017-08-02 07:43:34', NULL, NULL, NULL, NULL, 0),
(223, 88, 2, 'SilenceDeath@gmail.com', 0, '2017-08-02 07:49:06', NULL, NULL, NULL, NULL, 0),
(224, 88, 1, 'asd@asd.com', 0, '2017-08-02 07:49:06', NULL, NULL, NULL, NULL, 0),
(225, 88, 3, 'asdf', 0, '2017-08-02 07:49:06', NULL, NULL, NULL, NULL, 0),
(226, 89, 2, 'SilenceDeath@gmail.com', 0, '2017-08-02 07:51:17', NULL, NULL, NULL, NULL, 0),
(227, 89, 1, 'asd@asd.com', 0, '2017-08-02 07:51:17', NULL, NULL, NULL, NULL, 0),
(228, 89, 3, 'asdf', 0, '2017-08-02 07:51:17', NULL, NULL, NULL, NULL, 0),
(229, 90, 2, 'SilenceDeath@gmail.com', 0, '2017-08-02 07:53:05', NULL, NULL, NULL, NULL, 0),
(230, 90, 1, 'asd@asd.com', 0, '2017-08-02 07:53:05', NULL, NULL, NULL, NULL, 0),
(231, 90, 3, 'asdf', 0, '2017-08-02 07:53:05', NULL, NULL, NULL, NULL, 0),
(232, 91, 2, 'SilenceDeath@gmail.com', 0, '2017-08-02 07:54:10', NULL, NULL, NULL, NULL, 0),
(233, 91, 1, 'asd@asd.com', 0, '2017-08-02 07:54:10', NULL, NULL, NULL, NULL, 0),
(234, 91, 3, 'asdf', 0, '2017-08-02 07:54:10', NULL, NULL, NULL, NULL, 0),
(235, 92, 2, 'SilenceDeath@gmail.com', 0, '2017-08-02 07:54:24', NULL, NULL, NULL, NULL, 0),
(236, 92, 1, 'asd@asd.com', 0, '2017-08-02 07:54:24', NULL, NULL, NULL, NULL, 0),
(237, 92, 3, 'asdf', 0, '2017-08-02 07:54:24', NULL, NULL, NULL, NULL, 0),
(238, 93, 2, 'SilenceDeath@gmail.com', 0, '2017-08-02 07:55:18', NULL, NULL, NULL, NULL, 0),
(239, 93, 1, 'asd@asd.com', 0, '2017-08-02 07:55:18', NULL, NULL, NULL, NULL, 0),
(240, 93, 3, 'asdf', 0, '2017-08-02 07:55:18', NULL, NULL, NULL, NULL, 0),
(241, 94, 2, 'SilenceDeath@gmail.com', 0, '2017-08-02 07:55:54', NULL, NULL, NULL, NULL, 0),
(242, 94, 1, 'asd@asd.com', 0, '2017-08-02 07:55:54', NULL, NULL, NULL, NULL, 0),
(243, 94, 3, 'asdf', 0, '2017-08-02 07:55:54', NULL, NULL, NULL, NULL, 0),
(244, 95, 2, 'SilenceDeath@gmail.com', 0, '2017-08-02 07:56:12', NULL, NULL, NULL, NULL, 0),
(245, 95, 1, 'asd@asd.com', 0, '2017-08-02 07:56:12', NULL, NULL, NULL, NULL, 0),
(246, 95, 3, 'asdf', 0, '2017-08-02 07:56:12', NULL, NULL, NULL, NULL, 0),
(247, 96, 2, 'SilenceDeath@gmail.com', 0, '2017-08-02 07:58:33', NULL, NULL, NULL, NULL, 0),
(248, 96, 1, 'asd@asd.com', 0, '2017-08-02 07:58:33', NULL, NULL, NULL, NULL, 0),
(249, 96, 3, 'asdf', 0, '2017-08-02 07:58:33', NULL, NULL, NULL, NULL, 0),
(250, 97, 2, 'SilenceDeath@gmail.com', 0, '2017-08-02 07:58:40', NULL, NULL, NULL, NULL, 0),
(251, 97, 1, 'asd@asd.com', 0, '2017-08-02 07:58:40', NULL, NULL, NULL, NULL, 0),
(252, 97, 3, 'asdf', 0, '2017-08-02 07:58:40', NULL, NULL, NULL, NULL, 0),
(253, 98, 2, 'SilenceDeath@gmail.com', 0, '2017-08-02 08:06:26', NULL, NULL, NULL, NULL, 0),
(254, 98, 1, 'asd@asd.com', 0, '2017-08-02 08:06:26', NULL, NULL, NULL, NULL, 0),
(255, 98, 3, 'asdf', 0, '2017-08-02 08:06:26', NULL, NULL, NULL, NULL, 0),
(256, 99, 2, 'SilenceDeath@gmail.com', 0, '2017-08-02 08:06:41', NULL, NULL, NULL, NULL, 0),
(257, 99, 1, 'asd@asd.com', 0, '2017-08-02 08:06:41', NULL, NULL, NULL, NULL, 0),
(258, 99, 3, 'asdf', 0, '2017-08-02 08:06:41', NULL, NULL, NULL, NULL, 0),
(259, 100, 2, 'SilenceDeath@gmail.com', 0, '2017-08-02 08:06:44', NULL, NULL, NULL, NULL, 0),
(260, 100, 1, 'asd@asd.com', 0, '2017-08-02 08:06:44', NULL, NULL, NULL, NULL, 0),
(261, 100, 3, 'asdf', 0, '2017-08-02 08:06:44', NULL, NULL, NULL, NULL, 0),
(262, 101, 2, 'SilenceDeath@gmail.com', 0, '2017-08-02 08:07:01', NULL, NULL, NULL, NULL, 0),
(263, 101, 1, 'asd@asd.com', 0, '2017-08-02 08:07:01', NULL, NULL, NULL, NULL, 0),
(264, 101, 3, 'asdf', 0, '2017-08-02 08:07:01', NULL, NULL, NULL, NULL, 0),
(265, 102, 2, 'SilenceDeath@gmail.com', 0, '2017-08-02 08:07:18', NULL, NULL, NULL, NULL, 0),
(266, 102, 1, 'asd@asd.com', 0, '2017-08-02 08:07:18', NULL, NULL, NULL, NULL, 0),
(267, 102, 3, 'asdf', 0, '2017-08-02 08:07:18', NULL, NULL, NULL, NULL, 0),
(268, 103, 2, 'SilenceDeath@gmail.com', 0, '2017-08-02 08:13:50', NULL, NULL, NULL, NULL, 0),
(269, 103, 1, 'asd@asd.com', 0, '2017-08-02 08:13:50', NULL, NULL, NULL, NULL, 0),
(270, 103, 3, 'asdf', 0, '2017-08-02 08:13:50', NULL, NULL, NULL, NULL, 0),
(271, 104, 2, 'SilenceDeath@gmail.com', 0, '2017-08-02 08:20:51', NULL, NULL, NULL, NULL, 0),
(272, 104, 1, 'asd@asd.com', 0, '2017-08-02 08:20:51', NULL, NULL, NULL, NULL, 0),
(273, 104, 3, 'asdf', 0, '2017-08-02 08:20:51', NULL, NULL, NULL, NULL, 0),
(274, 105, 2, 'SilenceDeath@gmail.com', 0, '2017-08-02 08:21:35', NULL, NULL, NULL, NULL, 0),
(275, 105, 1, 'asd@asd.com', 0, '2017-08-02 08:21:35', NULL, NULL, NULL, NULL, 0),
(276, 105, 3, 'asdf', 0, '2017-08-02 08:21:35', NULL, NULL, NULL, NULL, 0),
(277, 106, 2, 'SilenceDeath@gmail.com', 0, '2017-08-02 08:22:01', NULL, NULL, NULL, NULL, 0),
(278, 106, 1, 'asd@asd.com', 0, '2017-08-02 08:22:01', NULL, NULL, NULL, NULL, 0),
(279, 106, 3, 'asdf', 0, '2017-08-02 08:22:01', NULL, NULL, NULL, NULL, 0),
(280, 107, 2, 'SilenceDeath@gmail.com', 0, '2017-08-02 08:23:25', NULL, NULL, NULL, NULL, 0),
(281, 107, 1, 'asd@asd.com', 0, '2017-08-02 08:23:25', NULL, NULL, NULL, NULL, 0),
(282, 107, 3, 'asdf', 0, '2017-08-02 08:23:25', NULL, NULL, NULL, NULL, 0),
(283, 108, 2, 'SilenceDeath@gmail.com', 0, '2017-08-02 08:25:28', NULL, NULL, NULL, NULL, 0),
(284, 108, 1, 'asd@asd.com', 0, '2017-08-02 08:25:28', NULL, NULL, NULL, NULL, 0),
(285, 108, 3, 'asdf', 0, '2017-08-02 08:25:28', NULL, NULL, NULL, NULL, 0),
(286, 109, 2, 'SilenceDeath@gmail.com', 0, '2017-08-02 08:28:49', NULL, NULL, NULL, NULL, 0),
(287, 109, 1, 'asd@asd.com', 0, '2017-08-02 08:28:49', NULL, NULL, NULL, NULL, 0),
(288, 109, 3, 'asdf', 0, '2017-08-02 08:28:49', NULL, NULL, NULL, NULL, 0),
(289, 110, 2, 'SilenceDeath@gmail.com', 0, '2017-08-02 08:28:50', NULL, NULL, NULL, NULL, 0),
(290, 110, 1, 'asd@asd.com', 0, '2017-08-02 08:28:50', NULL, NULL, NULL, NULL, 0),
(291, 110, 3, 'asdf', 0, '2017-08-02 08:28:50', NULL, NULL, NULL, NULL, 0),
(292, 111, 2, 'SilenceDeath@gmail.com', 0, '2017-08-02 08:28:59', NULL, NULL, NULL, NULL, 0),
(293, 111, 1, 'asd@asd.com', 0, '2017-08-02 08:28:59', NULL, NULL, NULL, NULL, 0),
(294, 111, 3, 'asdf', 0, '2017-08-02 08:28:59', NULL, NULL, NULL, NULL, 0);

-- --------------------------------------------------------

--
-- Table structure for table `experiences`
--

CREATE TABLE `experiences` (
  `id` int(10) UNSIGNED NOT NULL,
  `name` varchar(250) CHARACTER SET utf8 NOT NULL,
  `created_by` int(11) NOT NULL,
  `created_at` timestamp NOT NULL DEFAULT CURRENT_TIMESTAMP,
  `updated_by` int(11) DEFAULT NULL,
  `updated_at` timestamp NULL DEFAULT NULL ON UPDATE CURRENT_TIMESTAMP,
  `deleted_by` int(11) DEFAULT NULL,
  `deleted_at` datetime DEFAULT NULL,
  `is_deleted` tinyint(1) DEFAULT '0'
) ENGINE=MyISAM DEFAULT CHARSET=latin1;

--
-- Dumping data for table `experiences`
--

INSERT INTO `experiences` (`id`, `name`, `created_by`, `created_at`, `updated_by`, `updated_at`, `deleted_by`, `deleted_at`, `is_deleted`) VALUES
(1, 'مسعف', 3, '2017-08-02 04:52:03', NULL, NULL, NULL, NULL, 0),
(2, 'منقذ', 3, '2017-08-02 04:52:03', NULL, NULL, NULL, NULL, 0),
(3, 'كومبيوتر', 3, '2017-08-02 04:52:03', NULL, NULL, NULL, NULL, 0),
(4, 'رسم', 4, '2017-08-02 04:52:03', NULL, NULL, NULL, NULL, 0),
(5, 'مدرب شراع', 2, '2017-08-02 04:52:03', NULL, NULL, NULL, NULL, 0);

-- --------------------------------------------------------

--
-- Table structure for table `experienesuser`
--

CREATE TABLE `experienesuser` (
  `id` int(10) UNSIGNED NOT NULL,
  `userId` int(8) NOT NULL,
  `experienceId` int(6) NOT NULL,
  `approval_request` tinyint(1) DEFAULT '0',
  `approval_by` int(8) DEFAULT NULL,
  `approval_at` datetime DEFAULT NULL,
  `created_by` int(11) NOT NULL,
  `created_at` timestamp NOT NULL DEFAULT CURRENT_TIMESTAMP,
  `updated_by` int(11) DEFAULT NULL,
  `updated_at` timestamp NULL DEFAULT NULL ON UPDATE CURRENT_TIMESTAMP,
  `deleted_by` int(11) DEFAULT NULL,
  `deleted_at` datetime DEFAULT NULL,
  `is_deleted` tinyint(1) DEFAULT '0'
) ENGINE=MyISAM DEFAULT CHARSET=latin1;

--
-- Dumping data for table `experienesuser`
--

INSERT INTO `experienesuser` (`id`, `userId`, `experienceId`, `approval_request`, `approval_by`, `approval_at`, `created_by`, `created_at`, `updated_by`, `updated_at`, `deleted_by`, `deleted_at`, `is_deleted`) VALUES
(1, 78, 2, 0, 7, '2017-08-15 00:00:00', 0, '2017-08-02 07:38:22', NULL, NULL, NULL, NULL, 0),
(2, 78, 1, 0, 7, '2017-08-15 00:00:00', 0, '2017-08-02 07:38:22', NULL, NULL, NULL, NULL, 0),
(3, 78, 3, 0, 7, '2017-08-15 00:00:00', 0, '2017-08-02 07:38:22', NULL, NULL, NULL, NULL, 0),
(4, 78, 5, 0, 7, '2017-08-15 00:00:00', 0, '2017-08-02 07:38:22', NULL, NULL, NULL, NULL, 0),
(5, 78, 4, 0, 7, '2017-08-15 00:00:00', 0, '2017-08-02 07:38:22', NULL, NULL, NULL, NULL, 0),
(6, 79, 2, 0, 7, '2017-08-15 00:00:00', 0, '2017-08-02 07:39:24', NULL, NULL, NULL, NULL, 0),
(7, 79, 1, 0, 7, '2017-08-15 00:00:00', 0, '2017-08-02 07:39:24', NULL, NULL, NULL, NULL, 0),
(8, 79, 3, 0, 7, '2017-08-15 00:00:00', 0, '2017-08-02 07:39:24', NULL, NULL, NULL, NULL, 0),
(9, 79, 5, 0, 7, '2017-08-15 00:00:00', 0, '2017-08-02 07:39:24', NULL, NULL, NULL, NULL, 0),
(10, 79, 4, 0, 7, '2017-08-15 00:00:00', 0, '2017-08-02 07:39:24', NULL, NULL, NULL, NULL, 0),
(11, 80, 2, 0, 7, '2017-08-15 00:00:00', 0, '2017-08-02 07:40:22', NULL, NULL, NULL, NULL, 0),
(12, 80, 1, 0, 7, '2017-08-15 00:00:00', 0, '2017-08-02 07:40:22', NULL, NULL, NULL, NULL, 0),
(13, 80, 3, 0, 7, '2017-08-15 00:00:00', 0, '2017-08-02 07:40:22', NULL, NULL, NULL, NULL, 0),
(14, 80, 5, 0, 7, '2017-08-15 00:00:00', 0, '2017-08-02 07:40:22', NULL, NULL, NULL, NULL, 0),
(15, 80, 4, 0, 7, '2017-08-15 00:00:00', 0, '2017-08-02 07:40:22', NULL, NULL, NULL, NULL, 0),
(16, 81, 2, 0, 7, '2017-08-15 00:00:00', 0, '2017-08-02 07:40:33', NULL, NULL, NULL, NULL, 0),
(17, 81, 1, 0, 7, '2017-08-15 00:00:00', 0, '2017-08-02 07:40:33', NULL, NULL, NULL, NULL, 0),
(18, 81, 3, 0, 7, '2017-08-15 00:00:00', 0, '2017-08-02 07:40:33', NULL, NULL, NULL, NULL, 0),
(19, 81, 5, 0, 7, '2017-08-15 00:00:00', 0, '2017-08-02 07:40:33', NULL, NULL, NULL, NULL, 0),
(20, 81, 4, 0, 7, '2017-08-15 00:00:00', 0, '2017-08-02 07:40:33', NULL, NULL, NULL, NULL, 0),
(21, 82, 2, 0, 7, '2017-08-15 00:00:00', 0, '2017-08-02 07:41:40', NULL, NULL, NULL, NULL, 0),
(22, 82, 1, 0, 7, '2017-08-15 00:00:00', 0, '2017-08-02 07:41:40', NULL, NULL, NULL, NULL, 0),
(23, 82, 3, 0, 7, '2017-08-15 00:00:00', 0, '2017-08-02 07:41:40', NULL, NULL, NULL, NULL, 0),
(24, 82, 5, 0, 7, '2017-08-15 00:00:00', 0, '2017-08-02 07:41:40', NULL, NULL, NULL, NULL, 0),
(25, 82, 4, 0, 7, '2017-08-15 00:00:00', 0, '2017-08-02 07:41:40', NULL, NULL, NULL, NULL, 0),
(26, 83, 2, 0, 7, '2017-08-15 00:00:00', 0, '2017-08-02 07:41:42', NULL, NULL, NULL, NULL, 0),
(27, 83, 1, 0, 7, '2017-08-15 00:00:00', 0, '2017-08-02 07:41:42', NULL, NULL, NULL, NULL, 0),
(28, 83, 3, 0, 7, '2017-08-15 00:00:00', 0, '2017-08-02 07:41:42', NULL, NULL, NULL, NULL, 0),
(29, 83, 5, 0, 7, '2017-08-15 00:00:00', 0, '2017-08-02 07:41:42', NULL, NULL, NULL, NULL, 0),
(30, 83, 4, 0, 7, '2017-08-15 00:00:00', 0, '2017-08-02 07:41:42', NULL, NULL, NULL, NULL, 0),
(31, 84, 2, 0, 7, '2017-08-15 00:00:00', 0, '2017-08-02 07:41:45', NULL, NULL, NULL, NULL, 0),
(32, 84, 1, 0, 7, '2017-08-15 00:00:00', 0, '2017-08-02 07:41:45', NULL, NULL, NULL, NULL, 0),
(33, 84, 3, 0, 7, '2017-08-15 00:00:00', 0, '2017-08-02 07:41:45', NULL, NULL, NULL, NULL, 0),
(34, 84, 5, 0, 7, '2017-08-15 00:00:00', 0, '2017-08-02 07:41:45', NULL, NULL, NULL, NULL, 0),
(35, 84, 4, 0, 7, '2017-08-15 00:00:00', 0, '2017-08-02 07:41:45', NULL, NULL, NULL, NULL, 0),
(36, 85, 2, 0, 7, '2017-08-15 00:00:00', 0, '2017-08-02 07:42:13', NULL, NULL, NULL, NULL, 0),
(37, 85, 1, 0, 7, '2017-08-15 00:00:00', 0, '2017-08-02 07:42:13', NULL, NULL, NULL, NULL, 0),
(38, 85, 3, 0, 7, '2017-08-15 00:00:00', 0, '2017-08-02 07:42:13', NULL, NULL, NULL, NULL, 0),
(39, 85, 5, 0, 7, '2017-08-15 00:00:00', 0, '2017-08-02 07:42:13', NULL, NULL, NULL, NULL, 0),
(40, 85, 4, 0, 7, '2017-08-15 00:00:00', 0, '2017-08-02 07:42:13', NULL, NULL, NULL, NULL, 0),
(41, 86, 2, 0, 7, '2017-08-15 00:00:00', 0, '2017-08-02 07:42:29', NULL, NULL, NULL, NULL, 0),
(42, 86, 1, 0, 7, '2017-08-15 00:00:00', 0, '2017-08-02 07:42:29', NULL, NULL, NULL, NULL, 0),
(43, 86, 3, 0, 7, '2017-08-15 00:00:00', 0, '2017-08-02 07:42:29', NULL, NULL, NULL, NULL, 0),
(44, 86, 5, 0, 7, '2017-08-15 00:00:00', 0, '2017-08-02 07:42:29', NULL, NULL, NULL, NULL, 0),
(45, 86, 4, 0, 7, '2017-08-15 00:00:00', 0, '2017-08-02 07:42:29', NULL, NULL, NULL, NULL, 0),
(46, 87, 1, 0, 7, '2017-08-15 00:00:00', 0, '2017-08-02 07:43:34', NULL, NULL, NULL, NULL, 0),
(47, 87, 4, 0, 7, '2017-08-15 00:00:00', 0, '2017-08-02 07:43:34', NULL, NULL, NULL, NULL, 0),
(48, 87, 2, 0, 7, '2017-08-15 00:00:00', 0, '2017-08-02 07:43:34', NULL, NULL, NULL, NULL, 0),
(49, 87, 5, 0, 7, '2017-08-15 00:00:00', 0, '2017-08-02 07:43:34', NULL, NULL, NULL, NULL, 0),
(50, 87, 3, 0, 7, '2017-08-15 00:00:00', 0, '2017-08-02 07:43:34', NULL, NULL, NULL, NULL, 0),
(51, 88, 1, 0, 7, '2017-08-15 00:00:00', 0, '2017-08-02 07:49:06', NULL, NULL, NULL, NULL, 0),
(52, 88, 4, 0, 7, '2017-08-15 00:00:00', 0, '2017-08-02 07:49:06', NULL, NULL, NULL, NULL, 0),
(53, 88, 2, 0, 7, '2017-08-15 00:00:00', 0, '2017-08-02 07:49:06', NULL, NULL, NULL, NULL, 0),
(54, 88, 5, 0, 7, '2017-08-15 00:00:00', 0, '2017-08-02 07:49:06', NULL, NULL, NULL, NULL, 0),
(55, 88, 3, 0, 7, '2017-08-15 00:00:00', 0, '2017-08-02 07:49:06', NULL, NULL, NULL, NULL, 0),
(56, 89, 1, 0, 7, '2017-08-15 00:00:00', 0, '2017-08-02 07:51:17', NULL, NULL, NULL, NULL, 0),
(57, 89, 4, 0, 7, '2017-08-15 00:00:00', 0, '2017-08-02 07:51:17', NULL, NULL, NULL, NULL, 0),
(58, 89, 2, 0, 7, '2017-08-15 00:00:00', 0, '2017-08-02 07:51:17', NULL, NULL, NULL, NULL, 0),
(59, 89, 5, 0, 7, '2017-08-15 00:00:00', 0, '2017-08-02 07:51:17', NULL, NULL, NULL, NULL, 0),
(60, 89, 3, 0, 7, '2017-08-15 00:00:00', 0, '2017-08-02 07:51:17', NULL, NULL, NULL, NULL, 0),
(61, 90, 1, 0, 7, '2017-08-15 00:00:00', 0, '2017-08-02 07:53:05', NULL, NULL, NULL, NULL, 0),
(62, 90, 4, 0, 7, '2017-08-15 00:00:00', 0, '2017-08-02 07:53:05', NULL, NULL, NULL, NULL, 0),
(63, 90, 2, 0, 7, '2017-08-15 00:00:00', 0, '2017-08-02 07:53:05', NULL, NULL, NULL, NULL, 0),
(64, 90, 5, 0, 7, '2017-08-15 00:00:00', 0, '2017-08-02 07:53:05', NULL, NULL, NULL, NULL, 0),
(65, 90, 3, 0, 7, '2017-08-15 00:00:00', 0, '2017-08-02 07:53:05', NULL, NULL, NULL, NULL, 0),
(66, 91, 1, 0, 7, '2017-08-15 00:00:00', 0, '2017-08-02 07:54:10', NULL, NULL, NULL, NULL, 0),
(67, 91, 4, 0, 7, '2017-08-15 00:00:00', 0, '2017-08-02 07:54:10', NULL, NULL, NULL, NULL, 0),
(68, 91, 2, 0, 7, '2017-08-15 00:00:00', 0, '2017-08-02 07:54:10', NULL, NULL, NULL, NULL, 0),
(69, 91, 5, 0, 7, '2017-08-15 00:00:00', 0, '2017-08-02 07:54:10', NULL, NULL, NULL, NULL, 0),
(70, 91, 3, 0, 7, '2017-08-15 00:00:00', 0, '2017-08-02 07:54:10', NULL, NULL, NULL, NULL, 0);

-- --------------------------------------------------------

--
-- Table structure for table `hobbies`
--

CREATE TABLE `hobbies` (
  `id` int(4) UNSIGNED NOT NULL,
  `name` varchar(100) CHARACTER SET utf8 NOT NULL,
  `created_by` int(11) NOT NULL,
  `created_at` timestamp NOT NULL DEFAULT CURRENT_TIMESTAMP,
  `updated_by` int(11) DEFAULT NULL,
  `updated_at` timestamp NULL DEFAULT NULL ON UPDATE CURRENT_TIMESTAMP,
  `deleted_by` int(11) DEFAULT NULL,
  `deleted_at` datetime DEFAULT NULL,
  `is_deleted` tinyint(1) DEFAULT '0'
) ENGINE=MyISAM DEFAULT CHARSET=latin1;

--
-- Dumping data for table `hobbies`
--

INSERT INTO `hobbies` (`id`, `name`, `created_by`, `created_at`, `updated_by`, `updated_at`, `deleted_by`, `deleted_at`, `is_deleted`) VALUES
(1, 'سباحة', 7, '2017-07-31 07:24:53', NULL, NULL, NULL, NULL, 0),
(2, 'وند سيرف', 7, '2017-07-31 07:24:53', NULL, NULL, NULL, NULL, 0),
(3, 'سباحة', 7, '2017-07-31 07:26:36', NULL, NULL, NULL, NULL, 0),
(4, 'وند سيرف', 7, '2017-07-31 07:26:36', NULL, NULL, NULL, NULL, 0);

-- --------------------------------------------------------

--
-- Table structure for table `hobbiesusers`
--

CREATE TABLE `hobbiesusers` (
  `id` int(7) UNSIGNED NOT NULL,
  `hobbiesId` int(3) NOT NULL,
  `userId` int(7) NOT NULL,
  `created_by` int(11) NOT NULL,
  `created_at` timestamp NOT NULL DEFAULT CURRENT_TIMESTAMP,
  `updated_by` int(11) DEFAULT NULL,
  `updated_at` timestamp NULL DEFAULT NULL ON UPDATE CURRENT_TIMESTAMP,
  `deleted_by` int(11) DEFAULT NULL,
  `deleted_at` datetime DEFAULT NULL,
  `is_deleted` tinyint(1) DEFAULT '0'
) ENGINE=MyISAM DEFAULT CHARSET=latin1;

--
-- Dumping data for table `hobbiesusers`
--

INSERT INTO `hobbiesusers` (`id`, `hobbiesId`, `userId`, `created_by`, `created_at`, `updated_by`, `updated_at`, `deleted_by`, `deleted_at`, `is_deleted`) VALUES
(1, 2, 10, 7, '2017-07-31 05:50:53', NULL, NULL, NULL, NULL, 0),
(2, 1, 11, 7, '2017-07-31 12:44:56', NULL, NULL, NULL, NULL, 0),
(3, 1, 12, 7, '2017-07-31 13:43:26', NULL, NULL, NULL, NULL, 0),
(4, 1, 13, 7, '2017-07-31 13:50:29', NULL, NULL, NULL, NULL, 0),
(5, 1, 14, 7, '2017-07-31 13:50:55', NULL, NULL, NULL, NULL, 0),
(6, 1, 15, 0, '2017-08-01 09:32:22', NULL, NULL, NULL, NULL, 0),
(7, 3, 16, 0, '2017-08-02 01:55:14', NULL, NULL, NULL, NULL, 0),
(8, 3, 17, 0, '2017-08-02 01:56:27', NULL, NULL, NULL, NULL, 0),
(9, 3, 18, 0, '2017-08-02 01:56:58', NULL, NULL, NULL, NULL, 0),
(10, 3, 19, 0, '2017-08-02 01:57:43', NULL, NULL, NULL, NULL, 0),
(11, 3, 20, 0, '2017-08-02 01:58:30', NULL, NULL, NULL, NULL, 0),
(12, 3, 21, 0, '2017-08-02 02:00:21', NULL, NULL, NULL, NULL, 0),
(13, 3, 22, 0, '2017-08-02 02:00:34', NULL, NULL, NULL, NULL, 0),
(14, 3, 23, 0, '2017-08-02 02:02:08', NULL, NULL, NULL, NULL, 0),
(15, 3, 24, 0, '2017-08-02 02:03:16', NULL, NULL, NULL, NULL, 0),
(16, 3, 26, 0, '2017-08-02 03:01:09', NULL, NULL, NULL, NULL, 0),
(17, 1, 26, 0, '2017-08-02 03:01:09', NULL, NULL, NULL, NULL, 0),
(18, 2, 42, 0, '2017-08-02 05:18:27', NULL, NULL, NULL, NULL, 0),
(19, 3, 42, 0, '2017-08-02 05:18:27', NULL, NULL, NULL, NULL, 0),
(20, 1, 42, 0, '2017-08-02 05:18:27', NULL, NULL, NULL, NULL, 0),
(21, 2, 43, 0, '2017-08-02 05:19:59', NULL, NULL, NULL, NULL, 0),
(22, 3, 43, 0, '2017-08-02 05:19:59', NULL, NULL, NULL, NULL, 0),
(23, 1, 43, 0, '2017-08-02 05:19:59', NULL, NULL, NULL, NULL, 0),
(24, 2, 44, 0, '2017-08-02 05:21:09', NULL, NULL, NULL, NULL, 0),
(25, 3, 44, 0, '2017-08-02 05:21:09', NULL, NULL, NULL, NULL, 0),
(26, 1, 44, 0, '2017-08-02 05:21:09', NULL, NULL, NULL, NULL, 0),
(27, 2, 45, 0, '2017-08-02 05:21:17', NULL, NULL, NULL, NULL, 0),
(28, 3, 45, 0, '2017-08-02 05:21:17', NULL, NULL, NULL, NULL, 0),
(29, 1, 45, 0, '2017-08-02 05:21:17', NULL, NULL, NULL, NULL, 0),
(30, 2, 46, 0, '2017-08-02 05:21:30', NULL, NULL, NULL, NULL, 0),
(31, 3, 46, 0, '2017-08-02 05:21:30', NULL, NULL, NULL, NULL, 0),
(32, 1, 46, 0, '2017-08-02 05:21:30', NULL, NULL, NULL, NULL, 0),
(33, 2, 47, 0, '2017-08-02 05:22:31', NULL, NULL, NULL, NULL, 0),
(34, 3, 47, 0, '2017-08-02 05:22:31', NULL, NULL, NULL, NULL, 0),
(35, 1, 47, 0, '2017-08-02 05:22:31', NULL, NULL, NULL, NULL, 0),
(36, 2, 48, 0, '2017-08-02 05:23:12', NULL, NULL, NULL, NULL, 0),
(37, 3, 48, 0, '2017-08-02 05:23:12', NULL, NULL, NULL, NULL, 0),
(38, 1, 48, 0, '2017-08-02 05:23:12', NULL, NULL, NULL, NULL, 0),
(39, 1, 49, 0, '2017-08-02 05:23:38', NULL, NULL, NULL, NULL, 0),
(40, 2, 49, 0, '2017-08-02 05:23:38', NULL, NULL, NULL, NULL, 0),
(41, 3, 49, 0, '2017-08-02 05:23:39', NULL, NULL, NULL, NULL, 0),
(42, 1, 50, 0, '2017-08-02 05:24:18', NULL, NULL, NULL, NULL, 0),
(43, 2, 50, 0, '2017-08-02 05:24:18', NULL, NULL, NULL, NULL, 0),
(44, 3, 50, 0, '2017-08-02 05:24:18', NULL, NULL, NULL, NULL, 0),
(45, 1, 51, 0, '2017-08-02 05:24:27', NULL, NULL, NULL, NULL, 0),
(46, 2, 51, 0, '2017-08-02 05:24:27', NULL, NULL, NULL, NULL, 0),
(47, 3, 51, 0, '2017-08-02 05:24:27', NULL, NULL, NULL, NULL, 0),
(48, 1, 52, 0, '2017-08-02 05:24:36', NULL, NULL, NULL, NULL, 0),
(49, 2, 52, 0, '2017-08-02 05:24:36', NULL, NULL, NULL, NULL, 0),
(50, 3, 52, 0, '2017-08-02 05:24:36', NULL, NULL, NULL, NULL, 0),
(51, 1, 53, 0, '2017-08-02 05:45:25', NULL, NULL, NULL, NULL, 0),
(52, 2, 53, 0, '2017-08-02 05:45:25', NULL, NULL, NULL, NULL, 0),
(53, 3, 53, 0, '2017-08-02 05:45:25', NULL, NULL, NULL, NULL, 0),
(54, 2, 57, 0, '2017-08-02 05:58:03', NULL, NULL, NULL, NULL, 0),
(55, 1, 57, 0, '2017-08-02 05:58:03', NULL, NULL, NULL, NULL, 0),
(56, 3, 57, 0, '2017-08-02 05:58:03', NULL, NULL, NULL, NULL, 0),
(57, 4, 57, 0, '2017-08-02 05:58:03', NULL, NULL, NULL, NULL, 0),
(58, 2, 59, 0, '2017-08-02 06:18:22', NULL, NULL, NULL, NULL, 0),
(59, 1, 59, 0, '2017-08-02 06:18:22', NULL, NULL, NULL, NULL, 0),
(60, 4, 59, 0, '2017-08-02 06:18:22', NULL, NULL, NULL, NULL, 0),
(61, 1, 63, 0, '2017-08-02 06:57:54', NULL, NULL, NULL, NULL, 0),
(62, 2, 63, 0, '2017-08-02 06:57:54', NULL, NULL, NULL, NULL, 0),
(63, 3, 63, 0, '2017-08-02 06:57:54', NULL, NULL, NULL, NULL, 0),
(64, 4, 63, 0, '2017-08-02 06:57:54', NULL, NULL, NULL, NULL, 0),
(65, 4, 63, 0, '2017-08-02 06:57:54', NULL, NULL, NULL, NULL, 0),
(66, 1, 64, 0, '2017-08-02 06:58:55', NULL, NULL, NULL, NULL, 0),
(67, 2, 64, 0, '2017-08-02 06:58:55', NULL, NULL, NULL, NULL, 0),
(68, 3, 64, 0, '2017-08-02 06:58:55', NULL, NULL, NULL, NULL, 0),
(69, 4, 64, 0, '2017-08-02 06:58:55', NULL, NULL, NULL, NULL, 0),
(70, 4, 64, 0, '2017-08-02 06:58:55', NULL, NULL, NULL, NULL, 0),
(71, 1, 65, 0, '2017-08-02 06:59:24', NULL, NULL, NULL, NULL, 0),
(72, 2, 65, 0, '2017-08-02 06:59:24', NULL, NULL, NULL, NULL, 0),
(73, 3, 65, 0, '2017-08-02 06:59:24', NULL, NULL, NULL, NULL, 0),
(74, 4, 65, 0, '2017-08-02 06:59:24', NULL, NULL, NULL, NULL, 0),
(75, 4, 65, 0, '2017-08-02 06:59:24', NULL, NULL, NULL, NULL, 0),
(76, 1, 66, 0, '2017-08-02 07:00:10', NULL, NULL, NULL, NULL, 0),
(77, 2, 66, 0, '2017-08-02 07:00:10', NULL, NULL, NULL, NULL, 0),
(78, 3, 66, 0, '2017-08-02 07:00:10', NULL, NULL, NULL, NULL, 0),
(79, 4, 66, 0, '2017-08-02 07:00:10', NULL, NULL, NULL, NULL, 0),
(80, 4, 66, 0, '2017-08-02 07:00:11', NULL, NULL, NULL, NULL, 0),
(81, 1, 67, 0, '2017-08-02 07:00:19', NULL, NULL, NULL, NULL, 0),
(82, 2, 67, 0, '2017-08-02 07:00:19', NULL, NULL, NULL, NULL, 0),
(83, 3, 67, 0, '2017-08-02 07:00:19', NULL, NULL, NULL, NULL, 0),
(84, 4, 67, 0, '2017-08-02 07:00:19', NULL, NULL, NULL, NULL, 0),
(85, 4, 67, 0, '2017-08-02 07:00:19', NULL, NULL, NULL, NULL, 0),
(86, 1, 68, 0, '2017-08-02 07:01:23', NULL, NULL, NULL, NULL, 0),
(87, 2, 68, 0, '2017-08-02 07:01:23', NULL, NULL, NULL, NULL, 0),
(88, 3, 68, 0, '2017-08-02 07:01:23', NULL, NULL, NULL, NULL, 0),
(89, 4, 68, 0, '2017-08-02 07:01:23', NULL, NULL, NULL, NULL, 0),
(90, 4, 68, 0, '2017-08-02 07:01:23', NULL, NULL, NULL, NULL, 0),
(91, 1, 69, 0, '2017-08-02 07:01:36', NULL, NULL, NULL, NULL, 0),
(92, 2, 69, 0, '2017-08-02 07:01:36', NULL, NULL, NULL, NULL, 0),
(93, 3, 69, 0, '2017-08-02 07:01:36', NULL, NULL, NULL, NULL, 0),
(94, 4, 69, 0, '2017-08-02 07:01:36', NULL, NULL, NULL, NULL, 0),
(95, 4, 69, 0, '2017-08-02 07:01:36', NULL, NULL, NULL, NULL, 0),
(96, 1, 70, 0, '2017-08-02 07:03:27', NULL, NULL, NULL, NULL, 0),
(97, 2, 70, 0, '2017-08-02 07:03:27', NULL, NULL, NULL, NULL, 0),
(98, 3, 70, 0, '2017-08-02 07:03:27', NULL, NULL, NULL, NULL, 0),
(99, 4, 70, 0, '2017-08-02 07:03:27', NULL, NULL, NULL, NULL, 0),
(100, 4, 70, 0, '2017-08-02 07:03:27', NULL, NULL, NULL, NULL, 0),
(101, 1, 71, 0, '2017-08-02 07:03:54', NULL, NULL, NULL, NULL, 0),
(102, 2, 71, 0, '2017-08-02 07:03:54', NULL, NULL, NULL, NULL, 0),
(103, 3, 71, 0, '2017-08-02 07:03:54', NULL, NULL, NULL, NULL, 0),
(104, 4, 71, 0, '2017-08-02 07:03:54', NULL, NULL, NULL, NULL, 0),
(105, 4, 71, 0, '2017-08-02 07:03:54', NULL, NULL, NULL, NULL, 0),
(106, 1, 72, 0, '2017-08-02 07:04:55', NULL, NULL, NULL, NULL, 0),
(107, 2, 72, 0, '2017-08-02 07:04:55', NULL, NULL, NULL, NULL, 0),
(108, 3, 72, 0, '2017-08-02 07:04:55', NULL, NULL, NULL, NULL, 0),
(109, 4, 72, 0, '2017-08-02 07:04:55', NULL, NULL, NULL, NULL, 0),
(110, 4, 72, 0, '2017-08-02 07:04:55', NULL, NULL, NULL, NULL, 0),
(111, 1, 73, 0, '2017-08-02 07:05:06', NULL, NULL, NULL, NULL, 0),
(112, 2, 73, 0, '2017-08-02 07:05:06', NULL, NULL, NULL, NULL, 0),
(113, 3, 73, 0, '2017-08-02 07:05:06', NULL, NULL, NULL, NULL, 0),
(114, 4, 73, 0, '2017-08-02 07:05:06', NULL, NULL, NULL, NULL, 0),
(115, 4, 73, 0, '2017-08-02 07:05:06', NULL, NULL, NULL, NULL, 0),
(116, 1, 74, 0, '2017-08-02 07:05:35', NULL, NULL, NULL, NULL, 0),
(117, 2, 74, 0, '2017-08-02 07:05:35', NULL, NULL, NULL, NULL, 0),
(118, 3, 74, 0, '2017-08-02 07:05:35', NULL, NULL, NULL, NULL, 0),
(119, 4, 74, 0, '2017-08-02 07:05:35', NULL, NULL, NULL, NULL, 0),
(120, 4, 74, 0, '2017-08-02 07:05:35', NULL, NULL, NULL, NULL, 0),
(121, 1, 75, 0, '2017-08-02 07:06:14', NULL, NULL, NULL, NULL, 0),
(122, 2, 75, 0, '2017-08-02 07:06:14', NULL, NULL, NULL, NULL, 0),
(123, 3, 75, 0, '2017-08-02 07:06:14', NULL, NULL, NULL, NULL, 0),
(124, 4, 75, 0, '2017-08-02 07:06:14', NULL, NULL, NULL, NULL, 0),
(125, 4, 75, 0, '2017-08-02 07:06:14', NULL, NULL, NULL, NULL, 0),
(126, 1, 76, 0, '2017-08-02 07:13:05', NULL, NULL, NULL, NULL, 0),
(127, 2, 76, 0, '2017-08-02 07:13:05', NULL, NULL, NULL, NULL, 0),
(128, 3, 76, 0, '2017-08-02 07:13:05', NULL, NULL, NULL, NULL, 0),
(129, 4, 76, 0, '2017-08-02 07:13:05', NULL, NULL, NULL, NULL, 0),
(130, 4, 76, 0, '2017-08-02 07:13:05', NULL, NULL, NULL, NULL, 0),
(131, 4, 76, 0, '2017-08-02 07:13:05', NULL, NULL, NULL, NULL, 0),
(132, 1, 77, 0, '2017-08-02 07:14:01', NULL, NULL, NULL, NULL, 0),
(133, 2, 77, 0, '2017-08-02 07:14:01', NULL, NULL, NULL, NULL, 0),
(134, 3, 77, 0, '2017-08-02 07:14:01', NULL, NULL, NULL, NULL, 0),
(135, 4, 77, 0, '2017-08-02 07:14:01', NULL, NULL, NULL, NULL, 0),
(136, 4, 77, 0, '2017-08-02 07:14:01', NULL, NULL, NULL, NULL, 0),
(137, 4, 77, 0, '2017-08-02 07:14:01', NULL, NULL, NULL, NULL, 0),
(138, 1, 78, 0, '2017-08-02 07:38:22', NULL, NULL, NULL, NULL, 0),
(139, 2, 78, 0, '2017-08-02 07:38:22', NULL, NULL, NULL, NULL, 0),
(140, 3, 78, 0, '2017-08-02 07:38:22', NULL, NULL, NULL, NULL, 0),
(141, 4, 78, 0, '2017-08-02 07:38:22', NULL, NULL, NULL, NULL, 0),
(142, 1, 79, 0, '2017-08-02 07:39:24', NULL, NULL, NULL, NULL, 0),
(143, 2, 79, 0, '2017-08-02 07:39:24', NULL, NULL, NULL, NULL, 0),
(144, 3, 79, 0, '2017-08-02 07:39:24', NULL, NULL, NULL, NULL, 0),
(145, 4, 79, 0, '2017-08-02 07:39:24', NULL, NULL, NULL, NULL, 0),
(146, 1, 80, 0, '2017-08-02 07:40:22', NULL, NULL, NULL, NULL, 0),
(147, 2, 80, 0, '2017-08-02 07:40:22', NULL, NULL, NULL, NULL, 0),
(148, 3, 80, 0, '2017-08-02 07:40:22', NULL, NULL, NULL, NULL, 0),
(149, 4, 80, 0, '2017-08-02 07:40:22', NULL, NULL, NULL, NULL, 0),
(150, 1, 81, 0, '2017-08-02 07:40:33', NULL, NULL, NULL, NULL, 0),
(151, 2, 81, 0, '2017-08-02 07:40:33', NULL, NULL, NULL, NULL, 0),
(152, 3, 81, 0, '2017-08-02 07:40:33', NULL, NULL, NULL, NULL, 0),
(153, 4, 81, 0, '2017-08-02 07:40:33', NULL, NULL, NULL, NULL, 0),
(154, 1, 82, 0, '2017-08-02 07:41:40', NULL, NULL, NULL, NULL, 0),
(155, 2, 82, 0, '2017-08-02 07:41:40', NULL, NULL, NULL, NULL, 0),
(156, 3, 82, 0, '2017-08-02 07:41:40', NULL, NULL, NULL, NULL, 0),
(157, 4, 82, 0, '2017-08-02 07:41:40', NULL, NULL, NULL, NULL, 0),
(158, 1, 83, 0, '2017-08-02 07:41:42', NULL, NULL, NULL, NULL, 0),
(159, 2, 83, 0, '2017-08-02 07:41:42', NULL, NULL, NULL, NULL, 0),
(160, 3, 83, 0, '2017-08-02 07:41:42', NULL, NULL, NULL, NULL, 0),
(161, 4, 83, 0, '2017-08-02 07:41:42', NULL, NULL, NULL, NULL, 0),
(162, 1, 84, 0, '2017-08-02 07:41:45', NULL, NULL, NULL, NULL, 0),
(163, 2, 84, 0, '2017-08-02 07:41:45', NULL, NULL, NULL, NULL, 0),
(164, 3, 84, 0, '2017-08-02 07:41:45', NULL, NULL, NULL, NULL, 0),
(165, 4, 84, 0, '2017-08-02 07:41:45', NULL, NULL, NULL, NULL, 0),
(166, 1, 85, 0, '2017-08-02 07:42:13', NULL, NULL, NULL, NULL, 0),
(167, 2, 85, 0, '2017-08-02 07:42:13', NULL, NULL, NULL, NULL, 0),
(168, 3, 85, 0, '2017-08-02 07:42:13', NULL, NULL, NULL, NULL, 0),
(169, 4, 85, 0, '2017-08-02 07:42:13', NULL, NULL, NULL, NULL, 0),
(170, 1, 86, 0, '2017-08-02 07:42:29', NULL, NULL, NULL, NULL, 0),
(171, 2, 86, 0, '2017-08-02 07:42:29', NULL, NULL, NULL, NULL, 0),
(172, 3, 86, 0, '2017-08-02 07:42:29', NULL, NULL, NULL, NULL, 0),
(173, 4, 86, 0, '2017-08-02 07:42:29', NULL, NULL, NULL, NULL, 0),
(174, 2, 87, 0, '2017-08-02 07:43:34', NULL, NULL, NULL, NULL, 0),
(175, 3, 87, 0, '2017-08-02 07:43:34', NULL, NULL, NULL, NULL, 0),
(176, 1, 87, 0, '2017-08-02 07:43:34', NULL, NULL, NULL, NULL, 0),
(177, 4, 87, 0, '2017-08-02 07:43:34', NULL, NULL, NULL, NULL, 0),
(178, 2, 88, 0, '2017-08-02 07:49:06', NULL, NULL, NULL, NULL, 0),
(179, 3, 88, 0, '2017-08-02 07:49:06', NULL, NULL, NULL, NULL, 0),
(180, 1, 88, 0, '2017-08-02 07:49:06', NULL, NULL, NULL, NULL, 0),
(181, 4, 88, 0, '2017-08-02 07:49:06', NULL, NULL, NULL, NULL, 0),
(182, 2, 89, 0, '2017-08-02 07:51:17', NULL, NULL, NULL, NULL, 0),
(183, 3, 89, 0, '2017-08-02 07:51:17', NULL, NULL, NULL, NULL, 0),
(184, 1, 89, 0, '2017-08-02 07:51:17', NULL, NULL, NULL, NULL, 0),
(185, 4, 89, 0, '2017-08-02 07:51:17', NULL, NULL, NULL, NULL, 0),
(186, 2, 90, 0, '2017-08-02 07:53:05', NULL, NULL, NULL, NULL, 0),
(187, 3, 90, 0, '2017-08-02 07:53:05', NULL, NULL, NULL, NULL, 0),
(188, 1, 90, 0, '2017-08-02 07:53:05', NULL, NULL, NULL, NULL, 0),
(189, 4, 90, 0, '2017-08-02 07:53:05', NULL, NULL, NULL, NULL, 0),
(190, 2, 91, 0, '2017-08-02 07:54:10', NULL, NULL, NULL, NULL, 0),
(191, 3, 91, 0, '2017-08-02 07:54:10', NULL, NULL, NULL, NULL, 0),
(192, 1, 91, 0, '2017-08-02 07:54:10', NULL, NULL, NULL, NULL, 0),
(193, 4, 91, 0, '2017-08-02 07:54:10', NULL, NULL, NULL, NULL, 0);

-- --------------------------------------------------------

--
-- Table structure for table `images`
--

CREATE TABLE `images` (
  `id` int(10) UNSIGNED NOT NULL,
  `userId` int(8) NOT NULL,
  `thumb` varchar(300) CHARACTER SET utf8 NOT NULL,
  `medium` varchar(300) CHARACTER SET utf8 NOT NULL,
  `orignal` varchar(300) CHARACTER SET utf8 NOT NULL,
  `model_id` int(11) DEFAULT NULL,
  `model_name` varchar(100) NOT NULL,
  `created_by` int(11) NOT NULL,
  `created_at` timestamp NOT NULL DEFAULT CURRENT_TIMESTAMP,
  `updated_by` int(11) DEFAULT NULL,
  `updated_at` timestamp NULL DEFAULT NULL ON UPDATE CURRENT_TIMESTAMP,
  `deleted_by` int(11) DEFAULT NULL,
  `deleted_at` datetime DEFAULT NULL,
  `is_deleted` tinyint(1) DEFAULT '0'
) ENGINE=MyISAM DEFAULT CHARSET=latin1;

--
-- Dumping data for table `images`
--

INSERT INTO `images` (`id`, `userId`, `thumb`, `medium`, `orignal`, `model_id`, `model_name`, `created_by`, `created_at`, `updated_by`, `updated_at`, `deleted_by`, `deleted_at`, `is_deleted`) VALUES
(2, 24, '', '', 'Capture.PNG', 2, 'App\\Models\\Profile\\Profile', 0, '2017-08-02 02:03:16', NULL, NULL, NULL, NULL, 0),
(3, 25, '', '', 'Capture.PNG', 2, 'App\\Models\\Profile\\Profile', 0, '2017-08-02 02:04:48', NULL, NULL, NULL, NULL, 0),
(4, 25, '', '', 't.PNG', 2, 'App\\Models\\Profile\\Profile', 0, '2017-08-02 02:04:48', NULL, NULL, NULL, NULL, 0),
(5, 26, '', '', 'meghna-Recovered.psd', 2, 'App\\Models\\Profile\\Profile', 0, '2017-08-02 03:01:09', NULL, NULL, NULL, NULL, 0),
(6, 26, '', '', 't.PNG', 2, 'App\\Models\\Profile\\Profile', 0, '2017-08-02 03:01:09', NULL, NULL, NULL, NULL, 0),
(7, 27, '', '', 't.PNG', 2, 'App\\Models\\Profile\\Profile', 0, '2017-08-02 05:11:07', NULL, NULL, NULL, NULL, 0),
(8, 27, '', '', 't.PNG', 2, 'App\\Models\\Profile\\Profile', 0, '2017-08-02 05:11:07', NULL, NULL, NULL, NULL, 0),
(9, 28, '', '', 't.PNG', 2, 'App\\Models\\Profile\\Profile', 0, '2017-08-02 05:12:42', NULL, NULL, NULL, NULL, 0),
(10, 28, '', '', 'Capture.PNG', 2, 'App\\Models\\Profile\\Profile', 0, '2017-08-02 05:12:42', NULL, NULL, NULL, NULL, 0),
(11, 29, '', '', 't.PNG', 2, 'App\\Models\\Profile\\Profile', 0, '2017-08-02 05:13:07', NULL, NULL, NULL, NULL, 0),
(12, 29, '', '', 'Capture.PNG', 2, 'App\\Models\\Profile\\Profile', 0, '2017-08-02 05:13:07', NULL, NULL, NULL, NULL, 0),
(13, 30, '', '', 'Capture.PNG', 2, 'App\\Models\\Profile\\Profile', 0, '2017-08-02 05:14:02', NULL, NULL, NULL, NULL, 0),
(14, 30, '', '', 'Capture.PNG', 2, 'App\\Models\\Profile\\Profile', 0, '2017-08-02 05:14:02', NULL, NULL, NULL, NULL, 0),
(15, 31, '', '', 'Capture.PNG', 2, 'App\\Models\\Profile\\Profile', 0, '2017-08-02 05:14:38', NULL, NULL, NULL, NULL, 0),
(16, 31, '', '', 'Capture.PNG', 2, 'App\\Models\\Profile\\Profile', 0, '2017-08-02 05:14:38', NULL, NULL, NULL, NULL, 0),
(17, 32, '', '', 'Capture.PNG', 2, 'App\\Models\\Profile\\Profile', 0, '2017-08-02 05:15:18', NULL, NULL, NULL, NULL, 0),
(18, 32, '', '', 'Capture.PNG', 2, 'App\\Models\\Profile\\Profile', 0, '2017-08-02 05:15:18', NULL, NULL, NULL, NULL, 0),
(19, 33, '', '', 'Capture.PNG', 2, 'App\\Models\\Profile\\Profile', 0, '2017-08-02 05:15:24', NULL, NULL, NULL, NULL, 0),
(20, 33, '', '', 'Capture.PNG', 2, 'App\\Models\\Profile\\Profile', 0, '2017-08-02 05:15:24', NULL, NULL, NULL, NULL, 0),
(21, 34, '', '', 'Capture.PNG', 2, 'App\\Models\\Profile\\Profile', 0, '2017-08-02 05:15:31', NULL, NULL, NULL, NULL, 0),
(22, 34, '', '', 'Capture.PNG', 2, 'App\\Models\\Profile\\Profile', 0, '2017-08-02 05:15:31', NULL, NULL, NULL, NULL, 0),
(23, 35, '', '', 'Capture.PNG', 2, 'App\\Models\\Profile\\Profile', 0, '2017-08-02 05:15:35', NULL, NULL, NULL, NULL, 0),
(24, 35, '', '', 'Capture.PNG', 2, 'App\\Models\\Profile\\Profile', 0, '2017-08-02 05:15:35', NULL, NULL, NULL, NULL, 0),
(25, 36, '', '', 'Capture.PNG', 2, 'App\\Models\\Profile\\Profile', 0, '2017-08-02 05:15:41', NULL, NULL, NULL, NULL, 0),
(26, 36, '', '', 'Capture.PNG', 2, 'App\\Models\\Profile\\Profile', 0, '2017-08-02 05:15:41', NULL, NULL, NULL, NULL, 0),
(27, 37, '', '', 'Capture.PNG', 2, 'App\\Models\\Profile\\Profile', 0, '2017-08-02 05:17:06', NULL, NULL, NULL, NULL, 0),
(28, 37, '', '', 'Capture.PNG', 2, 'App\\Models\\Profile\\Profile', 0, '2017-08-02 05:17:06', NULL, NULL, NULL, NULL, 0),
(29, 38, '', '', 'Capture.PNG', 2, 'App\\Models\\Profile\\Profile', 0, '2017-08-02 05:17:10', NULL, NULL, NULL, NULL, 0),
(30, 38, '', '', 'Capture.PNG', 2, 'App\\Models\\Profile\\Profile', 0, '2017-08-02 05:17:10', NULL, NULL, NULL, NULL, 0),
(31, 39, '', '', 'Capture.PNG', 2, 'App\\Models\\Profile\\Profile', 0, '2017-08-02 05:17:14', NULL, NULL, NULL, NULL, 0),
(32, 39, '', '', 'Capture.PNG', 2, 'App\\Models\\Profile\\Profile', 0, '2017-08-02 05:17:14', NULL, NULL, NULL, NULL, 0),
(33, 40, '', '', 'Capture.PNG', 2, 'App\\Models\\Profile\\Profile', 0, '2017-08-02 05:17:31', NULL, NULL, NULL, NULL, 0),
(34, 40, '', '', 'Capture.PNG', 2, 'App\\Models\\Profile\\Profile', 0, '2017-08-02 05:17:31', NULL, NULL, NULL, NULL, 0),
(35, 41, '', '', 'Capture.PNG', 2, 'App\\Models\\Profile\\Profile', 0, '2017-08-02 05:18:11', NULL, NULL, NULL, NULL, 0),
(36, 41, '', '', 'Capture.PNG', 2, 'App\\Models\\Profile\\Profile', 0, '2017-08-02 05:18:11', NULL, NULL, NULL, NULL, 0),
(37, 42, '', '', 'Capture.PNG', 2, 'App\\Models\\Profile\\Profile', 0, '2017-08-02 05:18:27', NULL, NULL, NULL, NULL, 0),
(38, 42, '', '', 'Capture.PNG', 2, 'App\\Models\\Profile\\Profile', 0, '2017-08-02 05:18:27', NULL, NULL, NULL, NULL, 0),
(39, 43, '', '', 'Capture.PNG', 2, 'App\\Models\\Profile\\Profile', 0, '2017-08-02 05:19:59', NULL, NULL, NULL, NULL, 0),
(40, 43, '', '', 'Capture.PNG', 2, 'App\\Models\\Profile\\Profile', 0, '2017-08-02 05:19:59', NULL, NULL, NULL, NULL, 0),
(41, 44, '', '', 'Capture.PNG', 2, 'App\\Models\\Profile\\Profile', 0, '2017-08-02 05:21:09', NULL, NULL, NULL, NULL, 0),
(42, 44, '', '', 'Capture.PNG', 2, 'App\\Models\\Profile\\Profile', 0, '2017-08-02 05:21:09', NULL, NULL, NULL, NULL, 0),
(43, 45, '', '', 'Capture.PNG', 2, 'App\\Models\\Profile\\Profile', 0, '2017-08-02 05:21:17', NULL, NULL, NULL, NULL, 0),
(44, 45, '', '', 'Capture.PNG', 2, 'App\\Models\\Profile\\Profile', 0, '2017-08-02 05:21:17', NULL, NULL, NULL, NULL, 0),
(45, 46, '', '', 'Capture.PNG', 2, 'App\\Models\\Profile\\Profile', 0, '2017-08-02 05:21:30', NULL, NULL, NULL, NULL, 0),
(46, 46, '', '', 'Capture.PNG', 2, 'App\\Models\\Profile\\Profile', 0, '2017-08-02 05:21:30', NULL, NULL, NULL, NULL, 0),
(47, 47, '', '', 'Capture.PNG', 2, 'App\\Models\\Profile\\Profile', 0, '2017-08-02 05:22:31', NULL, NULL, NULL, NULL, 0),
(48, 47, '', '', 'Capture.PNG', 2, 'App\\Models\\Profile\\Profile', 0, '2017-08-02 05:22:31', NULL, NULL, NULL, NULL, 0),
(49, 48, '', '', 'Capture.PNG', 2, 'App\\Models\\Profile\\Profile', 0, '2017-08-02 05:23:12', NULL, NULL, NULL, NULL, 0),
(50, 48, '', '', 'Capture.PNG', 2, 'App\\Models\\Profile\\Profile', 0, '2017-08-02 05:23:12', NULL, NULL, NULL, NULL, 0),
(51, 49, '', '', 'scoutLogo.png', 2, 'App\\Models\\Profile\\Profile', 0, '2017-08-02 05:23:39', NULL, NULL, NULL, NULL, 0),
(52, 49, '', '', 'Capture.PNG', 2, 'App\\Models\\Profile\\Profile', 0, '2017-08-02 05:23:39', NULL, NULL, NULL, NULL, 0),
(53, 50, '', '', 'scoutLogo.png', 2, 'App\\Models\\Profile\\Profile', 0, '2017-08-02 05:24:18', NULL, NULL, NULL, NULL, 0),
(54, 50, '', '', 'Capture.PNG', 2, 'App\\Models\\Profile\\Profile', 0, '2017-08-02 05:24:18', NULL, NULL, NULL, NULL, 0),
(55, 51, '', '', 'scoutLogo.png', 2, 'App\\Models\\Profile\\Profile', 0, '2017-08-02 05:24:27', NULL, NULL, NULL, NULL, 0),
(56, 51, '', '', 'Capture.PNG', 2, 'App\\Models\\Profile\\Profile', 0, '2017-08-02 05:24:27', NULL, NULL, NULL, NULL, 0),
(57, 52, '', '', 'scoutLogo.png', 2, 'App\\Models\\Profile\\Profile', 0, '2017-08-02 05:24:36', NULL, NULL, NULL, NULL, 0),
(58, 52, '', '', 'Capture.PNG', 2, 'App\\Models\\Profile\\Profile', 0, '2017-08-02 05:24:36', NULL, NULL, NULL, NULL, 0),
(59, 53, '', '', 'scoutLogo.png', 2, 'App\\Models\\Profile\\Profile', 0, '2017-08-02 05:45:25', NULL, NULL, NULL, NULL, 0),
(60, 53, '', '', 'Capture.PNG', 2, 'App\\Models\\Profile\\Profile', 0, '2017-08-02 05:45:25', NULL, NULL, NULL, NULL, 0),
(61, 54, '', '', 'scoutLogo.png', 2, 'App\\Models\\Profile\\Profile', 0, '2017-08-02 05:45:54', NULL, NULL, NULL, NULL, 0),
(62, 54, '', '', 'Capture.PNG', 2, 'App\\Models\\Profile\\Profile', 0, '2017-08-02 05:45:54', NULL, NULL, NULL, NULL, 0),
(63, 55, '', '', 'scoutLogo.png', 2, 'App\\Models\\Profile\\Profile', 0, '2017-08-02 05:47:29', NULL, NULL, NULL, NULL, 0),
(64, 55, '', '', 'Capture.PNG', 2, 'App\\Models\\Profile\\Profile', 0, '2017-08-02 05:47:29', NULL, NULL, NULL, NULL, 0),
(65, 56, '', '', 'scoutLogo.png', 2, 'App\\Models\\Profile\\Profile', 0, '2017-08-02 05:47:45', NULL, NULL, NULL, NULL, 0),
(66, 56, '', '', 'Capture.PNG', 2, 'App\\Models\\Profile\\Profile', 0, '2017-08-02 05:47:45', NULL, NULL, NULL, NULL, 0),
(67, 57, '', '', 'Capture.PNG', 2, 'App\\Models\\Profile\\Profile', 0, '2017-08-02 05:58:03', NULL, NULL, NULL, NULL, 0),
(68, 57, '', '', 'Capture.PNG', 2, 'App\\Models\\Profile\\Profile', 0, '2017-08-02 05:58:03', NULL, NULL, NULL, NULL, 0),
(69, 58, '', '', 'meghna-Recovered.psd', 2, 'App\\Models\\Profile\\Profile', 0, '2017-08-02 06:05:15', NULL, NULL, NULL, NULL, 0),
(70, 58, '', '', 'logo-meghna-Recovered.psd', 2, 'App\\Models\\Profile\\Profile', 0, '2017-08-02 06:05:15', NULL, NULL, NULL, NULL, 0),
(71, 59, '', '', 't.PNG', 2, 'App\\Models\\Profile\\Profile', 0, '2017-08-02 06:18:22', NULL, NULL, NULL, NULL, 0),
(72, 59, '', '', 't.PNG', 2, 'App\\Models\\Profile\\Profile', 0, '2017-08-02 06:18:22', NULL, NULL, NULL, NULL, 0),
(73, 60, '', '', 'Capture.PNG', 2, 'App\\Models\\Profile\\Profile', 0, '2017-08-02 06:54:19', NULL, NULL, NULL, NULL, 0),
(74, 60, '', '', 't.PNG', 2, 'App\\Models\\Profile\\Profile', 0, '2017-08-02 06:54:19', NULL, NULL, NULL, NULL, 0),
(75, 61, '', '', 'Capture.PNG', 2, 'App\\Models\\Profile\\Profile', 0, '2017-08-02 06:55:40', NULL, NULL, NULL, NULL, 0),
(76, 61, '', '', 't.PNG', 2, 'App\\Models\\Profile\\Profile', 0, '2017-08-02 06:55:40', NULL, NULL, NULL, NULL, 0),
(77, 62, '', '', 'Capture.PNG', 2, 'App\\Models\\Profile\\Profile', 0, '2017-08-02 06:55:59', NULL, NULL, NULL, NULL, 0),
(78, 62, '', '', 't.PNG', 2, 'App\\Models\\Profile\\Profile', 0, '2017-08-02 06:55:59', NULL, NULL, NULL, NULL, 0),
(79, 63, '', '', 'scoutLogo.png', 2, 'App\\Models\\Profile\\Profile', 0, '2017-08-02 06:57:54', NULL, NULL, NULL, NULL, 0),
(80, 63, '', '', 'scoutLogo.png', 2, 'App\\Models\\Profile\\Profile', 0, '2017-08-02 06:57:54', NULL, NULL, NULL, NULL, 0),
(81, 64, '', '', 'scoutLogo.png', 2, 'App\\Models\\Profile\\Profile', 0, '2017-08-02 06:58:55', NULL, NULL, NULL, NULL, 0),
(82, 64, '', '', 'scoutLogo.png', 2, 'App\\Models\\Profile\\Profile', 0, '2017-08-02 06:58:55', NULL, NULL, NULL, NULL, 0),
(83, 65, '', '', 'scoutLogo.png', 2, 'App\\Models\\Profile\\Profile', 0, '2017-08-02 06:59:24', NULL, NULL, NULL, NULL, 0),
(84, 65, '', '', 'scoutLogo.png', 2, 'App\\Models\\Profile\\Profile', 0, '2017-08-02 06:59:24', NULL, NULL, NULL, NULL, 0),
(85, 66, '', '', 'scoutLogo.png', 2, 'App\\Models\\Profile\\Profile', 0, '2017-08-02 07:00:11', NULL, NULL, NULL, NULL, 0),
(86, 66, '', '', 'scoutLogo.png', 2, 'App\\Models\\Profile\\Profile', 0, '2017-08-02 07:00:11', NULL, NULL, NULL, NULL, 0),
(87, 67, '', '', 'scoutLogo.png', 2, 'App\\Models\\Profile\\Profile', 0, '2017-08-02 07:00:19', NULL, NULL, NULL, NULL, 0),
(88, 67, '', '', 'scoutLogo.png', 2, 'App\\Models\\Profile\\Profile', 0, '2017-08-02 07:00:19', NULL, NULL, NULL, NULL, 0),
(89, 68, '', '', 'scoutLogo.png', 2, 'App\\Models\\Profile\\Profile', 0, '2017-08-02 07:01:23', NULL, NULL, NULL, NULL, 0),
(90, 68, '', '', 'scoutLogo.png', 2, 'App\\Models\\Profile\\Profile', 0, '2017-08-02 07:01:23', NULL, NULL, NULL, NULL, 0),
(91, 69, '', '', 'scoutLogo.png', 2, 'App\\Models\\Profile\\Profile', 0, '2017-08-02 07:01:36', NULL, NULL, NULL, NULL, 0),
(92, 69, '', '', 'scoutLogo.png', 2, 'App\\Models\\Profile\\Profile', 0, '2017-08-02 07:01:36', NULL, NULL, NULL, NULL, 0),
(93, 70, '', '', 'scoutLogo.png', 2, 'App\\Models\\Profile\\Profile', 0, '2017-08-02 07:03:27', NULL, NULL, NULL, NULL, 0),
(94, 70, '', '', 'scoutLogo.png', 2, 'App\\Models\\Profile\\Profile', 0, '2017-08-02 07:03:27', NULL, NULL, NULL, NULL, 0),
(95, 71, '', '', 'scoutLogo.png', 2, 'App\\Models\\Profile\\Profile', 0, '2017-08-02 07:03:54', NULL, NULL, NULL, NULL, 0),
(96, 71, '', '', 'scoutLogo.png', 2, 'App\\Models\\Profile\\Profile', 0, '2017-08-02 07:03:54', NULL, NULL, NULL, NULL, 0),
(97, 72, '', '', 'scoutLogo.png', 2, 'App\\Models\\Profile\\Profile', 0, '2017-08-02 07:04:55', NULL, NULL, NULL, NULL, 0),
(98, 72, '', '', 'scoutLogo.png', 2, 'App\\Models\\Profile\\Profile', 0, '2017-08-02 07:04:55', NULL, NULL, NULL, NULL, 0),
(99, 73, '', '', 'scoutLogo.png', 2, 'App\\Models\\Profile\\Profile', 0, '2017-08-02 07:05:06', NULL, NULL, NULL, NULL, 0),
(100, 73, '', '', 'scoutLogo.png', 2, 'App\\Models\\Profile\\Profile', 0, '2017-08-02 07:05:06', NULL, NULL, NULL, NULL, 0),
(101, 74, '', '', 'scoutLogo.png', 2, 'App\\Models\\Profile\\Profile', 0, '2017-08-02 07:05:35', NULL, NULL, NULL, NULL, 0),
(102, 74, '', '', 'scoutLogo.png', 2, 'App\\Models\\Profile\\Profile', 0, '2017-08-02 07:05:35', NULL, NULL, NULL, NULL, 0),
(103, 75, '', '', 'scoutLogo.png', 2, 'App\\Models\\Profile\\Profile', 0, '2017-08-02 07:06:14', NULL, NULL, NULL, NULL, 0),
(104, 75, '', '', 'scoutLogo.png', 2, 'App\\Models\\Profile\\Profile', 0, '2017-08-02 07:06:14', NULL, NULL, NULL, NULL, 0),
(105, 76, '', '', 'Capture.PNG', 2, 'App\\Models\\Profile\\Profile', 0, '2017-08-02 07:13:05', NULL, NULL, NULL, NULL, 0),
(106, 76, '', '', 't.PNG', 2, 'App\\Models\\Profile\\Profile', 0, '2017-08-02 07:13:05', NULL, NULL, NULL, NULL, 0),
(107, 77, '', '', 'Capture.PNG', 2, 'App\\Models\\Profile\\Profile', 0, '2017-08-02 07:14:01', NULL, NULL, NULL, NULL, 0),
(108, 77, '', '', 't.PNG', 2, 'App\\Models\\Profile\\Profile', 0, '2017-08-02 07:14:01', NULL, NULL, NULL, NULL, 0),
(109, 78, '', '', 'Capture.PNG', 2, 'App\\Models\\Profile\\Profile', 0, '2017-08-02 07:38:22', NULL, NULL, NULL, NULL, 0),
(110, 78, '', '', 't.PNG', 2, 'App\\Models\\Profile\\Profile', 0, '2017-08-02 07:38:22', NULL, NULL, NULL, NULL, 0),
(111, 79, '', '', 'Capture.PNG', 2, 'App\\Models\\Profile\\Profile', 0, '2017-08-02 07:39:24', NULL, NULL, NULL, NULL, 0),
(112, 79, '', '', 't.PNG', 2, 'App\\Models\\Profile\\Profile', 0, '2017-08-02 07:39:24', NULL, NULL, NULL, NULL, 0),
(113, 80, '', '', 'Capture.PNG', 2, 'App\\Models\\Profile\\Profile', 0, '2017-08-02 07:40:22', NULL, NULL, NULL, NULL, 0),
(114, 80, '', '', 't.PNG', 2, 'App\\Models\\Profile\\Profile', 0, '2017-08-02 07:40:22', NULL, NULL, NULL, NULL, 0),
(115, 81, '', '', 'Capture.PNG', 2, 'App\\Models\\Profile\\Profile', 0, '2017-08-02 07:40:33', NULL, NULL, NULL, NULL, 0),
(116, 81, '', '', 't.PNG', 2, 'App\\Models\\Profile\\Profile', 0, '2017-08-02 07:40:33', NULL, NULL, NULL, NULL, 0),
(117, 82, '', '', 'Capture.PNG', 2, 'App\\Models\\Profile\\Profile', 0, '2017-08-02 07:41:40', NULL, NULL, NULL, NULL, 0),
(118, 82, '', '', 't.PNG', 2, 'App\\Models\\Profile\\Profile', 0, '2017-08-02 07:41:40', NULL, NULL, NULL, NULL, 0),
(119, 83, '', '', 'Capture.PNG', 2, 'App\\Models\\Profile\\Profile', 0, '2017-08-02 07:41:42', NULL, NULL, NULL, NULL, 0),
(120, 83, '', '', 't.PNG', 2, 'App\\Models\\Profile\\Profile', 0, '2017-08-02 07:41:42', NULL, NULL, NULL, NULL, 0),
(121, 84, '', '', 'Capture.PNG', 2, 'App\\Models\\Profile\\Profile', 0, '2017-08-02 07:41:45', NULL, NULL, NULL, NULL, 0),
(122, 84, '', '', 't.PNG', 2, 'App\\Models\\Profile\\Profile', 0, '2017-08-02 07:41:45', NULL, NULL, NULL, NULL, 0),
(123, 85, '', '', 'Capture.PNG', 2, 'App\\Models\\Profile\\Profile', 0, '2017-08-02 07:42:13', NULL, NULL, NULL, NULL, 0),
(124, 85, '', '', 't.PNG', 2, 'App\\Models\\Profile\\Profile', 0, '2017-08-02 07:42:13', NULL, NULL, NULL, NULL, 0),
(125, 86, '', '', 'Capture.PNG', 2, 'App\\Models\\Profile\\Profile', 0, '2017-08-02 07:42:29', NULL, NULL, NULL, NULL, 0),
(126, 86, '', '', 't.PNG', 2, 'App\\Models\\Profile\\Profile', 0, '2017-08-02 07:42:29', NULL, NULL, NULL, NULL, 0),
(127, 87, '', '', 'scoutLogo.png', 2, 'App\\Models\\Profile\\Profile', 0, '2017-08-02 07:43:34', NULL, NULL, NULL, NULL, 0),
(128, 87, '', '', 't.PNG', 2, 'App\\Models\\Profile\\Profile', 0, '2017-08-02 07:43:34', NULL, NULL, NULL, NULL, 0),
(129, 88, '', '', 'scoutLogo.png', 2, 'App\\Models\\Profile\\Profile', 0, '2017-08-02 07:49:06', NULL, NULL, NULL, NULL, 0),
(130, 88, '', '', 't.PNG', 2, 'App\\Models\\Profile\\Profile', 0, '2017-08-02 07:49:06', NULL, NULL, NULL, NULL, 0),
(131, 89, '', '', 'scoutLogo.png', 2, 'App\\Models\\Profile\\Profile', 0, '2017-08-02 07:51:17', NULL, NULL, NULL, NULL, 0),
(132, 89, '', '', 't.PNG', 2, 'App\\Models\\Profile\\Profile', 0, '2017-08-02 07:51:17', NULL, NULL, NULL, NULL, 0),
(133, 90, '', '', 'scoutLogo.png', 2, 'App\\Models\\Profile\\Profile', 0, '2017-08-02 07:53:05', NULL, NULL, NULL, NULL, 0),
(134, 90, '', '', 't.PNG', 2, 'App\\Models\\Profile\\Profile', 0, '2017-08-02 07:53:05', NULL, NULL, NULL, NULL, 0),
(135, 91, '', '', 'scoutLogo.png', 2, 'App\\Models\\Profile\\Profile', 0, '2017-08-02 07:54:10', NULL, NULL, NULL, NULL, 0),
(136, 91, '', '', 't.PNG', 2, 'App\\Models\\Profile\\Profile', 0, '2017-08-02 07:54:10', NULL, NULL, NULL, NULL, 0),
(137, 92, '', '', 'Capture.PNG', 2, 'App\\Models\\Profile\\Profile', 0, '2017-08-02 07:54:24', NULL, NULL, NULL, NULL, 0),
(138, 92, '', '', 't.PNG', 2, 'App\\Models\\Profile\\Profile', 0, '2017-08-02 07:54:24', NULL, NULL, NULL, NULL, 0),
(139, 93, '', '', 'Capture.PNG', 2, 'App\\Models\\Profile\\Profile', 0, '2017-08-02 07:55:18', NULL, NULL, NULL, NULL, 0),
(140, 93, '', '', 't.PNG', 2, 'App\\Models\\Profile\\Profile', 0, '2017-08-02 07:55:18', NULL, NULL, NULL, NULL, 0),
(141, 94, '', '', 'Capture.PNG', 2, 'App\\Models\\Profile\\Profile', 0, '2017-08-02 07:55:54', NULL, NULL, NULL, NULL, 0),
(142, 94, '', '', 't.PNG', 2, 'App\\Models\\Profile\\Profile', 0, '2017-08-02 07:55:54', NULL, NULL, NULL, NULL, 0),
(143, 95, '', '', 'Capture.PNG', 2, 'App\\Models\\Profile\\Profile', 0, '2017-08-02 07:56:12', NULL, NULL, NULL, NULL, 0),
(144, 95, '', '', 't.PNG', 2, 'App\\Models\\Profile\\Profile', 0, '2017-08-02 07:56:12', NULL, NULL, NULL, NULL, 0),
(145, 96, '', '', 'Capture.PNG', 2, 'App\\Models\\Profile\\Profile', 0, '2017-08-02 07:58:33', NULL, NULL, NULL, NULL, 0),
(146, 96, '', '', 't.PNG', 2, 'App\\Models\\Profile\\Profile', 0, '2017-08-02 07:58:33', NULL, NULL, NULL, NULL, 0),
(147, 97, '', '', 'Capture.PNG', 2, 'App\\Models\\Profile\\Profile', 0, '2017-08-02 07:58:40', NULL, NULL, NULL, NULL, 0),
(148, 97, '', '', 't.PNG', 2, 'App\\Models\\Profile\\Profile', 0, '2017-08-02 07:58:40', NULL, NULL, NULL, NULL, 0),
(149, 98, '', '', 'logo-meghna-Recovered.psd', 2, 'App\\Models\\Profile\\Profile', 0, '2017-08-02 08:06:26', NULL, NULL, NULL, NULL, 0),
(150, 98, '', '', 'Capture.PNG', 2, 'App\\Models\\Profile\\Profile', 0, '2017-08-02 08:06:26', NULL, NULL, NULL, NULL, 0),
(151, 99, '', '', 'logo-meghna-Recovered.psd', 2, 'App\\Models\\Profile\\Profile', 0, '2017-08-02 08:06:42', NULL, NULL, NULL, NULL, 0),
(152, 99, '', '', 'Capture.PNG', 2, 'App\\Models\\Profile\\Profile', 0, '2017-08-02 08:06:42', NULL, NULL, NULL, NULL, 0),
(153, 100, '', '', 'logo-meghna-Recovered.psd', 2, 'App\\Models\\Profile\\Profile', 0, '2017-08-02 08:06:44', NULL, NULL, NULL, NULL, 0),
(154, 100, '', '', 'Capture.PNG', 2, 'App\\Models\\Profile\\Profile', 0, '2017-08-02 08:06:44', NULL, NULL, NULL, NULL, 0),
(155, 101, '', '', 'logo-meghna-Recovered.psd', 2, 'App\\Models\\Profile\\Profile', 0, '2017-08-02 08:07:01', NULL, NULL, NULL, NULL, 0),
(156, 101, '', '', 'Capture.PNG', 2, 'App\\Models\\Profile\\Profile', 0, '2017-08-02 08:07:01', NULL, NULL, NULL, NULL, 0),
(157, 102, '', '', 'logo-meghna-Recovered.psd', 2, 'App\\Models\\Profile\\Profile', 0, '2017-08-02 08:07:18', NULL, NULL, NULL, NULL, 0),
(158, 102, '', '', 'Capture.PNG', 2, 'App\\Models\\Profile\\Profile', 0, '2017-08-02 08:07:18', NULL, NULL, NULL, NULL, 0),
(159, 103, '', '', 'logo-meghna-Recovered.psd', 2, 'App\\Models\\Profile\\Profile', 0, '2017-08-02 08:13:50', NULL, NULL, NULL, NULL, 0),
(160, 103, '', '', 'Capture.PNG', 2, 'App\\Models\\Profile\\Profile', 0, '2017-08-02 08:13:50', NULL, NULL, NULL, NULL, 0),
(161, 104, '', '', 'logo-meghna-Recovered.psd', 2, 'App\\Models\\Profile\\Profile', 0, '2017-08-02 08:20:52', NULL, NULL, NULL, NULL, 0),
(162, 104, '', '', 'Capture.PNG', 2, 'App\\Models\\Profile\\Profile', 0, '2017-08-02 08:20:52', NULL, NULL, NULL, NULL, 0),
(163, 105, '', '', 'logo-meghna-Recovered.psd', 2, 'App\\Models\\Profile\\Profile', 0, '2017-08-02 08:21:35', NULL, NULL, NULL, NULL, 0),
(164, 105, '', '', 'Capture.PNG', 2, 'App\\Models\\Profile\\Profile', 0, '2017-08-02 08:21:35', NULL, NULL, NULL, NULL, 0),
(165, 106, '', '', 'logo-meghna-Recovered.psd', 2, 'App\\Models\\Profile\\Profile', 0, '2017-08-02 08:22:01', NULL, NULL, NULL, NULL, 0),
(166, 106, '', '', 't.PNG', 2, 'App\\Models\\Profile\\Profile', 0, '2017-08-02 08:22:01', NULL, NULL, NULL, NULL, 0),
(167, 107, '', '', 'logo-meghna-Recovered.psd', 2, 'App\\Models\\Profile\\Profile', 0, '2017-08-02 08:23:25', NULL, NULL, NULL, NULL, 0),
(168, 107, '', '', 't.PNG', 2, 'App\\Models\\Profile\\Profile', 0, '2017-08-02 08:23:25', NULL, NULL, NULL, NULL, 0),
(169, 108, '', '', 'logo-meghna-Recovered.psd', 2, 'App\\Models\\Profile\\Profile', 0, '2017-08-02 08:25:28', NULL, NULL, NULL, NULL, 0),
(170, 108, '', '', 't.PNG', 2, 'App\\Models\\Profile\\Profile', 0, '2017-08-02 08:25:28', NULL, NULL, NULL, NULL, 0),
(171, 109, '', '', 'logo-meghna-Recovered.psd', 2, 'App\\Models\\Profile\\Profile', 0, '2017-08-02 08:28:49', NULL, NULL, NULL, NULL, 0),
(172, 109, '', '', 't.PNG', 2, 'App\\Models\\Profile\\Profile', 0, '2017-08-02 08:28:49', NULL, NULL, NULL, NULL, 0),
(173, 110, '', '', 'logo-meghna-Recovered.psd', 2, 'App\\Models\\Profile\\Profile', 0, '2017-08-02 08:28:50', NULL, NULL, NULL, NULL, 0),
(174, 110, '', '', 't.PNG', 2, 'App\\Models\\Profile\\Profile', 0, '2017-08-02 08:28:50', NULL, NULL, NULL, NULL, 0),
(175, 111, '', '', 'logo-meghna-Recovered.psd', 2, 'App\\Models\\Profile\\Profile', 0, '2017-08-02 08:28:59', NULL, NULL, NULL, NULL, 0),
(176, 111, '', '', 't.PNG', 2, 'App\\Models\\Profile\\Profile', 0, '2017-08-02 08:28:59', NULL, NULL, NULL, NULL, 0);

-- --------------------------------------------------------

--
-- Table structure for table `level`
--

CREATE TABLE `level` (
  `id` int(11) NOT NULL,
  `name` varchar(100) NOT NULL,
  `created_by` int(11) NOT NULL,
  `created_at` timestamp NOT NULL DEFAULT CURRENT_TIMESTAMP,
  `updated_by` int(11) DEFAULT NULL,
  `updated_at` timestamp NULL DEFAULT NULL ON UPDATE CURRENT_TIMESTAMP,
  `deleted_by` int(11) DEFAULT NULL,
  `deleted_at` timestamp NULL DEFAULT NULL,
  `is_deleted` int(11) DEFAULT NULL
) ENGINE=MyISAM DEFAULT CHARSET=utf8;

--
-- Dumping data for table `level`
--

INSERT INTO `level` (`id`, `name`, `created_by`, `created_at`, `updated_by`, `updated_at`, `deleted_by`, `deleted_at`, `is_deleted`) VALUES
(1, 'براعم', 3, '2017-08-04 13:41:05', NULL, NULL, NULL, NULL, NULL),
(2, 'أشبال', 7, '2017-08-04 13:41:05', NULL, NULL, NULL, NULL, NULL),
(3, 'كشافه', 7, '2017-08-04 13:41:05', NULL, NULL, NULL, NULL, NULL),
(4, 'كشاف متقدم', 7, '2017-08-04 13:41:05', NULL, NULL, NULL, NULL, NULL),
(5, 'جواله', 7, '2017-08-04 13:41:05', NULL, NULL, NULL, NULL, NULL);

-- --------------------------------------------------------

--
-- Table structure for table `position`
--

CREATE TABLE `position` (
  `id` int(3) UNSIGNED NOT NULL,
  `name` varchar(100) CHARACTER SET utf8 NOT NULL,
  `created_by` int(11) NOT NULL,
  `created_at` timestamp NOT NULL DEFAULT CURRENT_TIMESTAMP,
  `updated_by` int(11) DEFAULT NULL,
  `updated_at` timestamp NULL DEFAULT NULL ON UPDATE CURRENT_TIMESTAMP,
  `deleted_by` int(11) DEFAULT NULL,
  `deleted_at` datetime DEFAULT NULL,
  `is_deleted` tinyint(1) DEFAULT '0'
) ENGINE=MyISAM DEFAULT CHARSET=latin1;

--
-- Dumping data for table `position`
--

INSERT INTO `position` (`id`, `name`, `created_by`, `created_at`, `updated_by`, `updated_at`, `deleted_by`, `deleted_at`, `is_deleted`) VALUES
(1, 'رئيس مجلس الادارة', 1, '2017-07-15 09:14:42', NULL, '2017-08-02 04:07:56', NULL, NULL, NULL),
(2, 'قائد فريق', 7, '2017-07-15 10:55:19', NULL, NULL, NULL, NULL, 0),
(3, 'sdasdasd', 7, '2017-07-27 10:06:55', NULL, NULL, NULL, NULL, 0),
(4, 'مفوض عام', 1, '2017-08-02 04:08:31', NULL, NULL, NULL, NULL, 0),
(5, 'مفوض تدريب', 3, '2017-08-02 04:08:31', NULL, NULL, NULL, NULL, 0);

-- --------------------------------------------------------

--
-- Table structure for table `positionuser`
--

CREATE TABLE `positionuser` (
  `id` int(10) NOT NULL,
  `postionId` int(8) NOT NULL,
  `userId` int(8) NOT NULL,
  `approval_request` tinyint(1) DEFAULT '0',
  `approval_by` int(8) DEFAULT NULL,
  `approval_at` datetime DEFAULT NULL,
  `created_by` int(11) NOT NULL,
  `created_at` timestamp NOT NULL DEFAULT CURRENT_TIMESTAMP,
  `updated_by` int(11) DEFAULT NULL,
  `updated_at` timestamp NULL DEFAULT NULL ON UPDATE CURRENT_TIMESTAMP,
  `deleted_by` int(11) DEFAULT NULL,
  `deleted_at` datetime DEFAULT NULL,
  `is_deleted` tinyint(1) DEFAULT '0'
) ENGINE=MyISAM DEFAULT CHARSET=latin1;

--
-- Dumping data for table `positionuser`
--

INSERT INTO `positionuser` (`id`, `postionId`, `userId`, `approval_request`, `approval_by`, `approval_at`, `created_by`, `created_at`, `updated_by`, `updated_at`, `deleted_by`, `deleted_at`, `is_deleted`) VALUES
(1, 1, 111, 0, 7, '2017-08-15 00:00:00', 0, '2017-08-02 08:28:59', NULL, NULL, NULL, NULL, 0);

-- --------------------------------------------------------

--
-- Table structure for table `profile`
--

CREATE TABLE `profile` (
  `Profile_ID` int(8) UNSIGNED NOT NULL,
  `First_Name` varchar(255) CHARACTER SET utf8 NOT NULL,
  `Second_Name` varchar(255) CHARACTER SET utf8 NOT NULL,
  `Third_Name` varchar(255) CHARACTER SET utf8 NOT NULL,
  `Forth_Name` varchar(255) CHARACTER SET utf8 NOT NULL,
  `National_Number` int(16) NOT NULL,
  `Birth_Date` date DEFAULT NULL,
  `Gender` tinyint(1) NOT NULL,
  `created_by` int(11) NOT NULL,
  `created_at` timestamp NOT NULL DEFAULT CURRENT_TIMESTAMP,
  `updated_by` int(11) DEFAULT NULL,
  `updated_at` timestamp NULL DEFAULT NULL ON UPDATE CURRENT_TIMESTAMP,
  `deleted_by` int(11) DEFAULT NULL,
  `deleted_at` datetime DEFAULT NULL,
  `is_deleted` tinyint(1) DEFAULT '0'
) ENGINE=MyISAM DEFAULT CHARSET=latin1;

--
-- Dumping data for table `profile`
--

INSERT INTO `profile` (`Profile_ID`, `First_Name`, `Second_Name`, `Third_Name`, `Forth_Name`, `National_Number`, `Birth_Date`, `Gender`, `created_by`, `created_at`, `updated_by`, `updated_at`, `deleted_by`, `deleted_at`, `is_deleted`) VALUES
(1, 'أحمد', 'شمس الدين', 'محمد', 'خالد', 11, '2017-07-11', 1, 0, '2017-07-15 09:21:31', NULL, '2017-08-01 11:56:48', NULL, '2017-07-15 11:30:19', NULL),
(2, 'Mahmoud Gomaa', '', '', '', 0, '2017-08-19', 1, 3, '2017-07-19 01:58:16', NULL, '2017-08-01 11:56:50', NULL, NULL, 0),
(3, 'Test', '', '', '', 0, '2017-08-08', 1, 3, '2017-07-19 02:14:05', NULL, '2017-08-01 11:56:51', 3, '2017-07-19 02:21:34', 1),
(4, 'Yosef', 'Mahmoud', 'Gomaa', 'Khalil', 123456789, '2003-08-23', 1, 7, '2017-07-27 10:08:41', NULL, '2017-08-01 11:56:52', NULL, NULL, 0),
(5, 'احمد', 'شمس', 'الدين', 'محمد', 10236512, '1995-02-02', 1, 7, '2017-07-31 05:34:18', NULL, '2017-08-01 11:56:53', NULL, NULL, 0),
(6, 'احمد', 'Test 2', 'ggg', 'محمد', 10, '1664-02-02', 1, 7, '2017-07-31 05:36:23', NULL, '2017-08-01 11:56:54', NULL, NULL, 0),
(7, 'Test1', 'Test1', 'Test1', 'Test1', 1525, '0005-02-05', 1, 7, '2017-07-31 05:42:07', NULL, '2017-08-01 11:56:55', NULL, NULL, 0),
(8, 'Test1', 'Test1', 'Test1', 'Test1', 1525, '0005-02-05', 1, 7, '2017-07-31 05:43:06', NULL, '2017-08-01 11:56:55', NULL, NULL, 0),
(9, 'Silence', 'asd', 'Silence Death', 'Silence Death', 2333, '0555-05-05', 1, 7, '2017-07-31 05:50:12', NULL, '2017-08-01 11:56:56', NULL, NULL, 0),
(10, 'Silence', 'asd', 'Silence Death', 'Silence Death', 2333, '0555-05-05', 1, 7, '2017-07-31 05:50:53', NULL, '2017-08-01 11:56:57', NULL, NULL, 0),
(11, 'Silence', 'asd', 'Silence Death', 'Silence Death', 2333, '0555-05-05', 1, 7, '2017-07-31 12:44:56', NULL, '2017-08-01 11:56:59', NULL, NULL, 0),
(12, 'Silence', 'asd', 'Silence Death', 'Silence Death', 2333, '0555-05-05', 1, 7, '2017-07-31 13:43:26', NULL, '2017-08-01 11:56:59', NULL, NULL, 0),
(13, 'Silence', 'asd', 'Silence Death', 'Silence Death', 2333, '0555-05-05', 1, 7, '2017-07-31 13:50:29', NULL, '2017-08-01 11:57:00', NULL, NULL, 0),
(14, 'Silence', 'asd', 'Silence Death', 'Silence Death', 2333, '0555-05-05', 1, 7, '2017-07-31 13:50:55', NULL, '2017-08-01 11:57:01', NULL, NULL, 0),
(15, 'Silence', 'asd', 'Silence Death', 'Silence Death', 2333, '0555-05-05', 1, 0, '2017-08-01 09:32:22', NULL, '2017-08-01 11:57:02', NULL, NULL, 0),
(16, 'Silence', 'asd', 'Silence Death', 'Silence Death', 2333, '0555-05-05', 0, 0, '2017-08-02 01:55:13', NULL, NULL, NULL, NULL, 0),
(17, 'Silence', 'asd', 'Silence Death', 'Silence Death', 2333, '0555-05-05', 0, 0, '2017-08-02 01:56:26', NULL, NULL, NULL, NULL, 0),
(18, 'Silence', 'asd', 'Silence Death', 'Silence Death', 2333, '0555-05-05', 0, 0, '2017-08-02 01:56:58', NULL, NULL, NULL, NULL, 0),
(19, 'Silence', 'asd', 'Silence Death', 'Silence Death', 2333, '0555-05-05', 0, 0, '2017-08-02 01:57:43', NULL, NULL, NULL, NULL, 0),
(20, 'Silence', 'asd', 'Silence Death', 'Silence Death', 2333, '0555-05-05', 0, 0, '2017-08-02 01:58:30', NULL, NULL, NULL, NULL, 0),
(21, 'Silence', 'asd', 'Silence Death', 'Silence Death', 2333, '0555-05-05', 0, 0, '2017-08-02 02:00:21', NULL, NULL, NULL, NULL, 0),
(22, 'Silence', 'asd', 'Silence Death', 'Silence Death', 2333, '0555-05-05', 0, 0, '2017-08-02 02:00:34', NULL, NULL, NULL, NULL, 0),
(23, 'Silence', 'asd', 'Silence Death', 'Silence Death', 2333, '0555-05-05', 0, 0, '2017-08-02 02:02:08', NULL, NULL, NULL, NULL, 0),
(24, 'Silence', 'asd', 'Silence Death', 'Silence Death', 2333, '0555-05-05', 0, 0, '2017-08-02 02:03:16', NULL, NULL, NULL, NULL, 0),
(25, 'Silence', 'asd', 'Silence Death', 'Silence Death', 2333, '0555-05-05', 1, 0, '2017-08-02 02:04:48', NULL, NULL, NULL, NULL, 0),
(26, 'Silence', 'asd', 'Silence Death', 'Silence Death', 2333, '0555-05-05', 1, 0, '2017-08-02 03:01:09', NULL, NULL, NULL, NULL, 0),
(27, 'Silence', 'asd', 'Silence Death', 'Silence Death', 2333, '0555-05-05', 1, 0, '2017-08-02 05:11:07', NULL, NULL, NULL, NULL, 0),
(28, 'Silence', 'asd', 'Silence Death', 'Silence Death', 2333, '0555-05-05', 1, 0, '2017-08-02 05:12:42', NULL, NULL, NULL, NULL, 0),
(29, 'Silence', 'asd', 'Silence Death', 'Silence Death', 2333, '0555-05-05', 1, 0, '2017-08-02 05:13:06', NULL, NULL, NULL, NULL, 0),
(30, 'Silence', 'asd', 'Silence Death', 'Silence Death', 2333, '0555-05-05', 1, 0, '2017-08-02 05:14:02', NULL, NULL, NULL, NULL, 0),
(31, 'Silence', 'asd', 'Silence Death', 'Silence Death', 2333, '0555-05-05', 1, 0, '2017-08-02 05:14:38', NULL, NULL, NULL, NULL, 0),
(32, 'Silence', 'asd', 'Silence Death', 'Silence Death', 2333, '0555-05-05', 1, 0, '2017-08-02 05:15:18', NULL, NULL, NULL, NULL, 0),
(33, 'Silence', 'asd', 'Silence Death', 'Silence Death', 2333, '0555-05-05', 1, 0, '2017-08-02 05:15:24', NULL, NULL, NULL, NULL, 0),
(34, 'Silence', 'asd', 'Silence Death', 'Silence Death', 2333, '0555-05-05', 1, 0, '2017-08-02 05:15:31', NULL, NULL, NULL, NULL, 0),
(35, 'Silence', 'asd', 'Silence Death', 'Silence Death', 2333, '0555-05-05', 1, 0, '2017-08-02 05:15:35', NULL, NULL, NULL, NULL, 0),
(36, 'Silence', 'asd', 'Silence Death', 'Silence Death', 2333, '0555-05-05', 1, 0, '2017-08-02 05:15:41', NULL, NULL, NULL, NULL, 0),
(37, 'Silence', 'asd', 'Silence Death', 'Silence Death', 2333, '0555-05-05', 1, 0, '2017-08-02 05:17:06', NULL, NULL, NULL, NULL, 0),
(38, 'Silence', 'asd', 'Silence Death', 'Silence Death', 2333, '0555-05-05', 1, 0, '2017-08-02 05:17:10', NULL, NULL, NULL, NULL, 0),
(39, 'Silence', 'asd', 'Silence Death', 'Silence Death', 2333, '0555-05-05', 1, 0, '2017-08-02 05:17:14', NULL, NULL, NULL, NULL, 0),
(40, 'Silence', 'asd', 'Silence Death', 'Silence Death', 2333, '0555-05-05', 1, 0, '2017-08-02 05:17:31', NULL, NULL, NULL, NULL, 0),
(41, 'Silence', 'asd', 'Silence Death', 'Silence Death', 2333, '0555-05-05', 1, 0, '2017-08-02 05:18:11', NULL, NULL, NULL, NULL, 0),
(42, 'Silence', 'asd', 'Silence Death', 'Silence Death', 2333, '0555-05-05', 1, 0, '2017-08-02 05:18:27', NULL, NULL, NULL, NULL, 0),
(43, 'Silence', 'asd', 'Silence Death', 'Silence Death', 2333, '0555-05-05', 1, 0, '2017-08-02 05:19:59', NULL, NULL, NULL, NULL, 0),
(44, 'Silence', 'asd', 'Silence Death', 'Silence Death', 2333, '0555-05-05', 1, 0, '2017-08-02 05:21:09', NULL, NULL, NULL, NULL, 0),
(45, 'Silence', 'asd', 'Silence Death', 'Silence Death', 2333, '0555-05-05', 1, 0, '2017-08-02 05:21:17', NULL, NULL, NULL, NULL, 0),
(46, 'Silence', 'asd', 'Silence Death', 'Silence Death', 2333, '0555-05-05', 1, 0, '2017-08-02 05:21:30', NULL, NULL, NULL, NULL, 0),
(47, 'Silence', 'asd', 'Silence Death', 'Silence Death', 2333, '0555-05-05', 1, 0, '2017-08-02 05:22:31', NULL, NULL, NULL, NULL, 0),
(48, 'Silence', 'asd', 'Silence Death', 'Silence Death', 2333, '0555-05-05', 1, 0, '2017-08-02 05:23:12', NULL, NULL, NULL, NULL, 0),
(49, 'Silence', 'asd', 'Silence Death', 'Silence Death', 2333, '0555-05-05', 1, 0, '2017-08-02 05:23:38', NULL, NULL, NULL, NULL, 0),
(50, 'Silence', 'asd', 'Silence Death', 'Silence Death', 2333, '0555-05-05', 1, 0, '2017-08-02 05:24:18', NULL, NULL, NULL, NULL, 0),
(51, 'Silence', 'asd', 'Silence Death', 'Silence Death', 2333, '0555-05-05', 1, 0, '2017-08-02 05:24:27', NULL, NULL, NULL, NULL, 0),
(52, 'Silence', 'asd', 'Silence Death', 'Silence Death', 2333, '0555-05-05', 1, 0, '2017-08-02 05:24:36', NULL, NULL, NULL, NULL, 0),
(53, 'Silence', 'asd', 'Silence Death', 'Silence Death', 2333, '0555-05-05', 1, 0, '2017-08-02 05:45:25', NULL, NULL, NULL, NULL, 0),
(54, 'Silence', 'asd', 'Silence Death', 'Silence Death', 2333, '0555-05-05', 1, 0, '2017-08-02 05:45:54', NULL, NULL, NULL, NULL, 0),
(55, 'Silence', 'asd', 'Silence Death', 'Silence Death', 2333, '0555-05-05', 1, 0, '2017-08-02 05:47:29', NULL, NULL, NULL, NULL, 0),
(56, 'Silence', 'asd', 'Silence Death', 'Silence Death', 2333, '0555-05-05', 1, 0, '2017-08-02 05:47:45', NULL, NULL, NULL, NULL, 0),
(57, 'Silence', 'asd', 'Silence Death', 'Silence Death', 2333, '0555-05-05', 1, 0, '2017-08-02 05:58:03', NULL, NULL, NULL, NULL, 0),
(58, 'Silence', 'asd', 'Silence Death', 'Silence Death', 2333, '0555-05-05', 1, 0, '2017-08-02 06:05:15', NULL, NULL, NULL, NULL, 0),
(59, 'Silence', 'asd', 'Silence Death', 'Silence Death', 2333, '0555-05-05', 1, 0, '2017-08-02 06:18:22', NULL, NULL, NULL, NULL, 0),
(60, 'Silence', 'asd', 'Silence Death', 'Silence Death', 2333, '0555-05-05', 1, 0, '2017-08-02 06:54:19', NULL, NULL, NULL, NULL, 0),
(61, 'Silence', 'asd', 'Silence Death', 'Silence Death', 2333, '0555-05-05', 1, 0, '2017-08-02 06:55:40', NULL, NULL, NULL, NULL, 0),
(62, 'Silence', 'asd', 'Silence Death', 'Silence Death', 2333, '0555-05-05', 1, 0, '2017-08-02 06:55:59', NULL, NULL, NULL, NULL, 0),
(63, 'Silence', 'asd', 'Silence Death', 'Silence Death', 2333, '0555-05-05', 1, 0, '2017-08-02 06:57:54', NULL, NULL, NULL, NULL, 0),
(64, 'Silence', 'asd', 'Silence Death', 'Silence Death', 2333, '0555-05-05', 1, 0, '2017-08-02 06:58:55', NULL, NULL, NULL, NULL, 0),
(65, 'Silence', 'asd', 'Silence Death', 'Silence Death', 2333, '0555-05-05', 1, 0, '2017-08-02 06:59:24', NULL, NULL, NULL, NULL, 0),
(66, 'Silence', 'asd', 'Silence Death', 'Silence Death', 2333, '0555-05-05', 1, 0, '2017-08-02 07:00:10', NULL, NULL, NULL, NULL, 0),
(67, 'Silence', 'asd', 'Silence Death', 'Silence Death', 2333, '0555-05-05', 1, 0, '2017-08-02 07:00:19', NULL, NULL, NULL, NULL, 0),
(68, 'Silence', 'asd', 'Silence Death', 'Silence Death', 2333, '0555-05-05', 1, 0, '2017-08-02 07:01:23', NULL, NULL, NULL, NULL, 0),
(69, 'Silence', 'asd', 'Silence Death', 'Silence Death', 2333, '0555-05-05', 1, 0, '2017-08-02 07:01:36', NULL, NULL, NULL, NULL, 0),
(70, 'Silence', 'asd', 'Silence Death', 'Silence Death', 2333, '0555-05-05', 1, 0, '2017-08-02 07:03:27', NULL, NULL, NULL, NULL, 0),
(71, 'Silence', 'asd', 'Silence Death', 'Silence Death', 2333, '0555-05-05', 1, 0, '2017-08-02 07:03:54', NULL, NULL, NULL, NULL, 0),
(72, 'Silence', 'asd', 'Silence Death', 'Silence Death', 2333, '0555-05-05', 1, 0, '2017-08-02 07:04:55', NULL, NULL, NULL, NULL, 0),
(73, 'Silence', 'asd', 'Silence Death', 'Silence Death', 2333, '0555-05-05', 1, 0, '2017-08-02 07:05:06', NULL, NULL, NULL, NULL, 0),
(74, 'Silence', 'asd', 'Silence Death', 'Silence Death', 2333, '0555-05-05', 1, 0, '2017-08-02 07:05:34', NULL, NULL, NULL, NULL, 0),
(75, 'Silence', 'asd', 'Silence Death', 'Silence Death', 2333, '0555-05-05', 1, 0, '2017-08-02 07:06:14', NULL, NULL, NULL, NULL, 0),
(76, 'Silence', 'asd', 'Silence Death', 'Silence Death', 2333, '0555-05-05', 1, 0, '2017-08-02 07:13:05', NULL, NULL, NULL, NULL, 0),
(77, 'Silence', 'asd', 'Silence Death', 'Silence Death', 2333, '0555-05-05', 1, 0, '2017-08-02 07:14:01', NULL, NULL, NULL, NULL, 0),
(78, 'Silence', 'asd', 'Silence Death', 'Silence Death', 2333, '0555-05-05', 0, 0, '2017-08-02 07:38:22', NULL, NULL, NULL, NULL, 0),
(79, 'Silence', 'asd', 'Silence Death', 'Silence Death', 2333, '0555-05-05', 0, 0, '2017-08-02 07:39:24', NULL, NULL, NULL, NULL, 0),
(80, 'Silence', 'asd', 'Silence Death', 'Silence Death', 2333, '0555-05-05', 0, 0, '2017-08-02 07:40:22', NULL, NULL, NULL, NULL, 0),
(81, 'Silence', 'asd', 'Silence Death', 'Silence Death', 2333, '0555-05-05', 0, 0, '2017-08-02 07:40:33', NULL, NULL, NULL, NULL, 0),
(82, 'Silence', 'asd', 'Silence Death', 'Silence Death', 2333, '0555-05-05', 0, 0, '2017-08-02 07:41:40', NULL, NULL, NULL, NULL, 0),
(83, 'Silence', 'asd', 'Silence Death', 'Silence Death', 2333, '0555-05-05', 0, 0, '2017-08-02 07:41:42', NULL, NULL, NULL, NULL, 0),
(84, 'Silence', 'asd', 'Silence Death', 'Silence Death', 2333, '0555-05-05', 0, 0, '2017-08-02 07:41:45', NULL, NULL, NULL, NULL, 0),
(85, 'Silence', 'asd', 'Silence Death', 'Silence Death', 2333, '0555-05-05', 0, 0, '2017-08-02 07:42:13', NULL, NULL, NULL, NULL, 0),
(86, 'Silence', 'asd', 'Silence Death', 'Silence Death', 2333, '0555-05-05', 0, 0, '2017-08-02 07:42:29', NULL, NULL, NULL, NULL, 0),
(87, 'Silence', 'asd', 'Silence Death', 'Silence Death', 2333, '0555-05-05', 0, 0, '2017-08-02 07:43:34', NULL, NULL, NULL, NULL, 0),
(88, 'Silence', 'asd', 'Silence Death', 'Silence Death', 2333, '0555-05-05', 0, 0, '2017-08-02 07:49:06', NULL, NULL, NULL, NULL, 0),
(89, 'Silence', 'asd', 'Silence Death', 'Silence Death', 2333, '0555-05-05', 0, 0, '2017-08-02 07:51:17', NULL, NULL, NULL, NULL, 0),
(90, 'Silence', 'asd', 'Silence Death', 'Silence Death', 2333, '0555-05-05', 0, 0, '2017-08-02 07:53:05', NULL, NULL, NULL, NULL, 0),
(91, 'Silence', 'asd', 'Silence Death', 'Silence Death', 2333, '0555-05-05', 0, 0, '2017-08-02 07:54:10', NULL, NULL, NULL, NULL, 0),
(92, 'Silence', 'asd', 'Silence Death', 'Silence Death', 2333, '0555-05-05', 1, 0, '2017-08-02 07:54:24', NULL, NULL, NULL, NULL, 0),
(93, 'Silence', 'asd', 'Silence Death', 'Silence Death', 2333, '0555-05-05', 1, 0, '2017-08-02 07:55:18', NULL, NULL, NULL, NULL, 0),
(94, 'Silence', 'asd', 'Silence Death', 'Silence Death', 2333, '0555-05-05', 1, 0, '2017-08-02 07:55:54', NULL, NULL, NULL, NULL, 0),
(95, 'Silence', 'asd', 'Silence Death', 'Silence Death', 2333, '0555-05-05', 1, 0, '2017-08-02 07:56:12', NULL, NULL, NULL, NULL, 0),
(96, 'Silence', 'asd', 'Silence Death', 'Silence Death', 2333, '0555-05-05', 1, 0, '2017-08-02 07:58:33', NULL, NULL, NULL, NULL, 0),
(97, 'Silence', 'asd', 'Silence Death', 'Silence Death', 2333, '0555-05-05', 1, 0, '2017-08-02 07:58:40', NULL, NULL, NULL, NULL, 0),
(98, 'Silence', 'asd', 'Silence Death', 'Silence Death', 2333, '0555-05-05', 1, 0, '2017-08-02 08:06:26', NULL, NULL, NULL, NULL, 0),
(99, 'Silence', 'asd', 'Silence Death', 'Silence Death', 2333, '0555-05-05', 1, 0, '2017-08-02 08:06:41', NULL, NULL, NULL, NULL, 0),
(100, 'Silence', 'asd', 'Silence Death', 'Silence Death', 2333, '0555-05-05', 1, 0, '2017-08-02 08:06:44', NULL, NULL, NULL, NULL, 0),
(101, 'Silence', 'asd', 'Silence Death', 'Silence Death', 2333, '0555-05-05', 1, 0, '2017-08-02 08:07:01', NULL, NULL, NULL, NULL, 0),
(102, 'Silence', 'asd', 'Silence Death', 'Silence Death', 2333, '0555-05-05', 1, 0, '2017-08-02 08:07:18', NULL, NULL, NULL, NULL, 0),
(103, 'Silence', 'asd', 'Silence Death', 'Silence Death', 2333, '0555-05-05', 1, 0, '2017-08-02 08:13:50', NULL, NULL, NULL, NULL, 0),
(104, 'Silence', 'asd', 'Silence Death', 'Silence Death', 2333, '0555-05-05', 1, 0, '2017-08-02 08:20:51', NULL, NULL, NULL, NULL, 0),
(105, 'Silence', 'asd', 'Silence Death', 'Silence Death', 2333, '0555-05-05', 1, 0, '2017-08-02 08:21:35', NULL, NULL, NULL, NULL, 0),
(106, 'Silence', 'asd', 'Silence Death', 'Silence Death', 2333, '0555-05-05', 1, 0, '2017-08-02 08:22:01', NULL, NULL, NULL, NULL, 0),
(107, 'Silence', 'asd', 'Silence Death', 'Silence Death', 2333, '0555-05-05', 1, 0, '2017-08-02 08:23:25', NULL, NULL, NULL, NULL, 0),
(108, 'Silence', 'asd', 'Silence Death', 'Silence Death', 2333, '0555-05-05', 1, 0, '2017-08-02 08:25:28', NULL, NULL, NULL, NULL, 0),
(109, 'Silence', 'asd', 'Silence Death', 'Silence Death', 2333, '0555-05-05', 1, 0, '2017-08-02 08:28:49', NULL, NULL, NULL, NULL, 0),
(110, 'Silence', 'asd', 'Silence Death', 'Silence Death', 2333, '0555-05-05', 1, 0, '2017-08-02 08:28:50', NULL, NULL, NULL, NULL, 0),
(111, 'Silence', 'asd', 'Silence Death', 'Silence Death', 2333, '0555-05-05', 1, 0, '2017-08-02 08:28:59', NULL, NULL, NULL, NULL, 0);

-- --------------------------------------------------------

--
-- Table structure for table `protofolo`
--

CREATE TABLE `protofolo` (
  `id` int(4) UNSIGNED NOT NULL,
  `firstname` varchar(255) NOT NULL,
  `secondname` varchar(255) NOT NULL,
  `thirdname` varchar(255) NOT NULL,
  `created_at` datetime DEFAULT NULL,
  `created_by` int(8) DEFAULT NULL,
  `updated_at` datetime DEFAULT NULL,
  `deleted_at` datetime DEFAULT NULL,
  `deleted_by` int(11) DEFAULT NULL,
  `updated_by` int(8) DEFAULT NULL,
  `is_deleted` tinyint(1) DEFAULT NULL,
  `posid` int(4) NOT NULL
) ENGINE=MyISAM DEFAULT CHARSET=utf8;

--
-- Dumping data for table `protofolo`
--

INSERT INTO `protofolo` (`id`, `firstname`, `secondname`, `thirdname`, `created_at`, `created_by`, `updated_at`, `deleted_at`, `deleted_by`, `updated_by`, `is_deleted`, `posid`) VALUES
(1, 'Test1', 'Test2', 'test3', '2017-07-16 12:21:25', 7, '2017-07-16 12:21:40', '2017-07-16 12:21:46', 7, 7, 1, 0),
(2, 'dddd', 'fff', 'ggg', '2017-07-16 12:31:07', 7, '2017-07-18 12:14:55', NULL, NULL, 7, NULL, 1);

-- --------------------------------------------------------

--
-- Table structure for table `register`
--

CREATE TABLE `register` (
  `id` int(11) NOT NULL,
  `userId` int(8) NOT NULL,
  `regYear` date NOT NULL,
  `regFrom` date NOT NULL,
  `regTo` date NOT NULL,
  `created_by` int(11) NOT NULL,
  `created_at` timestamp NOT NULL DEFAULT CURRENT_TIMESTAMP,
  `updated_by` int(11) DEFAULT NULL,
  `updated_at` timestamp NULL DEFAULT NULL ON UPDATE CURRENT_TIMESTAMP,
  `deleted_by` int(11) DEFAULT NULL,
  `deleted_at` datetime DEFAULT NULL,
  `is_deleted` tinyint(1) DEFAULT '0'
) ENGINE=MyISAM DEFAULT CHARSET=latin1;

-- --------------------------------------------------------

--
-- Table structure for table `registeryuser`
--

CREATE TABLE `registeryuser` (
  `Id` int(7) UNSIGNED NOT NULL,
  `regId` int(8) NOT NULL,
  `userId` int(8) NOT NULL,
  `approval_request` tinyint(1) DEFAULT '0',
  `approval_by` int(8) DEFAULT NULL,
  `approval_at` datetime DEFAULT NULL,
  `created_by` int(11) NOT NULL,
  `created_at` timestamp NOT NULL DEFAULT CURRENT_TIMESTAMP,
  `updated_by` int(11) DEFAULT NULL,
  `updated_at` timestamp NULL DEFAULT NULL ON UPDATE CURRENT_TIMESTAMP,
  `deleted_by` int(11) DEFAULT NULL,
  `deleted_at` datetime DEFAULT NULL,
  `is_deleted` tinyint(1) DEFAULT '0'
) ENGINE=MyISAM DEFAULT CHARSET=latin1;

-- --------------------------------------------------------

--
-- Table structure for table `sec_accessright`
--

CREATE TABLE `sec_accessright` (
  `id` int(8) UNSIGNED NOT NULL,
  `groupid` int(8) NOT NULL,
  `model_name` varchar(50) NOT NULL,
  `accesstype` enum('view','add','edit','delete') NOT NULL,
  `filter` varchar(255) NOT NULL,
  `created_by` int(11) NOT NULL,
  `created_at` timestamp NOT NULL DEFAULT CURRENT_TIMESTAMP,
  `updated_by` int(11) DEFAULT NULL,
  `updated_at` timestamp NULL DEFAULT NULL ON UPDATE CURRENT_TIMESTAMP
) ENGINE=MyISAM DEFAULT CHARSET=latin1;

--
-- Dumping data for table `sec_accessright`
--

INSERT INTO `sec_accessright` (`id`, `groupid`, `model_name`, `accesstype`, `filter`, `created_by`, `created_at`, `updated_by`, `updated_at`) VALUES
(213, 3, 'App\\*', 'view', '', 0, '2017-07-15 11:50:32', 7, '2017-07-22 16:46:29'),
(222, 3, 'App\\*', 'delete', '', 0, '2017-07-15 15:53:30', 7, '2017-07-21 18:54:05'),
(221, 3, 'App\\*', 'edit', '', 0, '2017-07-15 15:53:20', NULL, NULL),
(220, 3, 'App\\*', 'add', '', 0, '2017-07-15 15:53:07', NULL, NULL);

-- --------------------------------------------------------

--
-- Table structure for table `sec_group`
--

CREATE TABLE `sec_group` (
  `id` int(8) UNSIGNED NOT NULL,
  `name` varchar(100) CHARACTER SET utf8 COLLATE utf8_unicode_ci NOT NULL,
  `groupkey` varchar(50) CHARACTER SET utf8 COLLATE utf8_unicode_ci NOT NULL,
  `categoryid` int(8) NOT NULL,
  `description` varchar(255) NOT NULL,
  `created_by` int(11) NOT NULL,
  `created_at` timestamp NOT NULL DEFAULT CURRENT_TIMESTAMP,
  `updated_by` int(11) DEFAULT NULL,
  `updated_at` timestamp NULL DEFAULT NULL ON UPDATE CURRENT_TIMESTAMP
) ENGINE=MyISAM DEFAULT CHARSET=latin1;

--
-- Dumping data for table `sec_group`
--

INSERT INTO `sec_group` (`id`, `name`, `groupkey`, `categoryid`, `description`, `created_by`, `created_at`, `updated_by`, `updated_at`) VALUES
(3, 'Admin', 'acc_admin', 1, '', 0, '2017-07-14 12:48:42', NULL, NULL),
(2, 'General', 'general', 1, '1111', 0, '2017-07-14 12:48:42', NULL, NULL);

-- --------------------------------------------------------

--
-- Table structure for table `sec_group_category`
--

CREATE TABLE `sec_group_category` (
  `id` int(8) UNSIGNED NOT NULL,
  `name` varchar(100) NOT NULL,
  `created_by` int(11) NOT NULL,
  `created_at` timestamp NOT NULL DEFAULT CURRENT_TIMESTAMP,
  `updated_by` int(11) DEFAULT NULL,
  `updated_at` timestamp NULL DEFAULT NULL ON UPDATE CURRENT_TIMESTAMP,
  `deleted_by` int(11) DEFAULT NULL,
  `deleted_at` datetime DEFAULT NULL,
  `is_deleted` tinyint(1) DEFAULT '0'
) ENGINE=MyISAM DEFAULT CHARSET=latin1;

--
-- Dumping data for table `sec_group_category`
--

INSERT INTO `sec_group_category` (`id`, `name`, `created_by`, `created_at`, `updated_by`, `updated_at`, `deleted_by`, `deleted_at`, `is_deleted`) VALUES
(1, 'Accounting', 0, '2017-07-14 12:48:42', 7, '2017-07-15 13:53:35', NULL, NULL, 0),
(2, 'Events', 0, '2017-07-14 12:48:42', NULL, NULL, NULL, NULL, 0),
(3, 'Articles', 0, '2017-07-14 12:48:42', NULL, NULL, NULL, NULL, 0),
(4, 'Finance', 0, '2017-07-14 12:48:42', NULL, NULL, NULL, NULL, 0);

-- --------------------------------------------------------

--
-- Table structure for table `sec_user_group_rel`
--

CREATE TABLE `sec_user_group_rel` (
  `id` int(8) UNSIGNED NOT NULL,
  `userid` int(8) NOT NULL,
  `groupid` int(8) NOT NULL,
  `created_by` int(11) NOT NULL,
  `created_at` timestamp NOT NULL DEFAULT CURRENT_TIMESTAMP,
  `updated_by` int(11) DEFAULT NULL,
  `updated_at` timestamp NULL DEFAULT NULL ON UPDATE CURRENT_TIMESTAMP
) ENGINE=MyISAM DEFAULT CHARSET=latin1;

--
-- Dumping data for table `sec_user_group_rel`
--

INSERT INTO `sec_user_group_rel` (`id`, `userid`, `groupid`, `created_by`, `created_at`, `updated_by`, `updated_at`) VALUES
(4, 3, 2, 0, '2017-07-14 12:48:42', NULL, NULL),
(2, 3, 3, 0, '2017-07-14 12:48:42', NULL, NULL),
(3, 8, 2, 0, '2017-07-14 12:48:42', NULL, NULL),
(5, 7, 3, 0, '2017-07-15 11:49:04', NULL, NULL);

-- --------------------------------------------------------

--
-- Table structure for table `studies`
--

CREATE TABLE `studies` (
  `id` int(11) UNSIGNED NOT NULL,
  `name` varchar(350) CHARACTER SET utf8 NOT NULL,
  `created_by` int(11) NOT NULL,
  `created_at` timestamp NOT NULL DEFAULT CURRENT_TIMESTAMP,
  `updated_by` int(11) DEFAULT NULL,
  `updated_at` timestamp NULL DEFAULT NULL ON UPDATE CURRENT_TIMESTAMP,
  `deleted_by` int(11) DEFAULT NULL,
  `deleted_at` datetime DEFAULT NULL,
  `is_deleted` tinyint(1) DEFAULT '0'
) ENGINE=MyISAM DEFAULT CHARSET=latin1;

--
-- Dumping data for table `studies`
--

INSERT INTO `studies` (`id`, `name`, `created_by`, `created_at`, `updated_by`, `updated_at`, `deleted_by`, `deleted_at`, `is_deleted`) VALUES
(1, 'قائد وحدة', 1, '2017-08-02 04:45:47', NULL, NULL, NULL, NULL, 0),
(2, 'مساعد قائد وحدة', 2, '2017-08-02 04:45:47', NULL, NULL, NULL, NULL, 0),
(3, 'قائد نهرى', 2, '2017-08-02 04:46:17', NULL, NULL, NULL, NULL, 0),
(4, 'انقاذ', 2, '2017-08-02 04:46:17', NULL, NULL, NULL, NULL, 0),
(5, 'خشبية', 3, '2017-08-02 04:46:56', NULL, NULL, NULL, NULL, 0);

-- --------------------------------------------------------

--
-- Table structure for table `studiesusers`
--

CREATE TABLE `studiesusers` (
  `id` int(11) UNSIGNED NOT NULL,
  `studyId` int(6) NOT NULL,
  `userId` int(8) NOT NULL,
  `approval_request` tinyint(1) DEFAULT '0',
  `approval_by` int(8) DEFAULT NULL,
  `approval_at` datetime DEFAULT NULL,
  `created_by` int(11) NOT NULL,
  `created_at` timestamp NOT NULL DEFAULT CURRENT_TIMESTAMP,
  `updated_by` int(11) DEFAULT NULL,
  `updated_at` timestamp NULL DEFAULT NULL ON UPDATE CURRENT_TIMESTAMP,
  `deleted_by` int(11) DEFAULT NULL,
  `deleted_at` datetime DEFAULT NULL,
  `is_deleted` tinyint(1) DEFAULT '0'
) ENGINE=MyISAM DEFAULT CHARSET=latin1;

--
-- Dumping data for table `studiesusers`
--

INSERT INTO `studiesusers` (`id`, `studyId`, `userId`, `approval_request`, `approval_by`, `approval_at`, `created_by`, `created_at`, `updated_by`, `updated_at`, `deleted_by`, `deleted_at`, `is_deleted`) VALUES
(1, 4, 77, 0, 7, '2017-08-15 00:00:00', 0, '2017-08-02 07:14:01', NULL, NULL, NULL, NULL, 0),
(2, 4, 77, 0, 7, '2017-08-15 00:00:00', 0, '2017-08-02 07:14:01', NULL, NULL, NULL, NULL, 0),
(3, 4, 77, 0, 7, '2017-08-15 00:00:00', 0, '2017-08-02 07:14:01', NULL, NULL, NULL, NULL, 0),
(4, 4, 77, 0, 7, '2017-08-15 00:00:00', 0, '2017-08-02 07:14:01', NULL, NULL, NULL, NULL, 0),
(5, 4, 77, 0, 7, '2017-08-15 00:00:00', 0, '2017-08-02 07:14:01', NULL, NULL, NULL, NULL, 0),
(6, 4, 87, 0, 7, '2017-08-15 00:00:00', 0, '2017-08-02 07:43:34', NULL, NULL, NULL, NULL, 0),
(7, 2, 87, 0, 7, '2017-08-15 00:00:00', 0, '2017-08-02 07:43:34', NULL, NULL, NULL, NULL, 0),
(8, 3, 87, 0, 7, '2017-08-15 00:00:00', 0, '2017-08-02 07:43:34', NULL, NULL, NULL, NULL, 0),
(9, 5, 87, 0, 7, '2017-08-15 00:00:00', 0, '2017-08-02 07:43:34', NULL, NULL, NULL, NULL, 0),
(10, 1, 87, 0, 7, '2017-08-15 00:00:00', 0, '2017-08-02 07:43:34', NULL, NULL, NULL, NULL, 0),
(11, 4, 88, 0, 7, '2017-08-15 00:00:00', 0, '2017-08-02 07:49:06', NULL, NULL, NULL, NULL, 0),
(12, 2, 88, 0, 7, '2017-08-15 00:00:00', 0, '2017-08-02 07:49:06', NULL, NULL, NULL, NULL, 0),
(13, 3, 88, 0, 7, '2017-08-15 00:00:00', 0, '2017-08-02 07:49:06', NULL, NULL, NULL, NULL, 0),
(14, 5, 88, 0, 7, '2017-08-15 00:00:00', 0, '2017-08-02 07:49:06', NULL, NULL, NULL, NULL, 0),
(15, 1, 88, 0, 7, '2017-08-15 00:00:00', 0, '2017-08-02 07:49:06', NULL, NULL, NULL, NULL, 0),
(16, 4, 89, 0, 7, '2017-08-15 00:00:00', 0, '2017-08-02 07:51:17', NULL, NULL, NULL, NULL, 0),
(17, 2, 89, 0, 7, '2017-08-15 00:00:00', 0, '2017-08-02 07:51:17', NULL, NULL, NULL, NULL, 0),
(18, 3, 89, 0, 7, '2017-08-15 00:00:00', 0, '2017-08-02 07:51:17', NULL, NULL, NULL, NULL, 0),
(19, 5, 89, 0, 7, '2017-08-15 00:00:00', 0, '2017-08-02 07:51:17', NULL, NULL, NULL, NULL, 0),
(20, 1, 89, 0, 7, '2017-08-15 00:00:00', 0, '2017-08-02 07:51:17', NULL, NULL, NULL, NULL, 0),
(21, 4, 90, 0, 7, '2017-08-15 00:00:00', 0, '2017-08-02 07:53:05', NULL, NULL, NULL, NULL, 0),
(22, 2, 90, 0, 7, '2017-08-15 00:00:00', 0, '2017-08-02 07:53:05', NULL, NULL, NULL, NULL, 0),
(23, 3, 90, 0, 7, '2017-08-15 00:00:00', 0, '2017-08-02 07:53:05', NULL, NULL, NULL, NULL, 0),
(24, 5, 90, 0, 7, '2017-08-15 00:00:00', 0, '2017-08-02 07:53:05', NULL, NULL, NULL, NULL, 0),
(25, 1, 90, 0, 7, '2017-08-15 00:00:00', 0, '2017-08-02 07:53:05', NULL, NULL, NULL, NULL, 0),
(26, 4, 91, 0, 7, '2017-08-15 00:00:00', 0, '2017-08-02 07:54:10', NULL, NULL, NULL, NULL, 0),
(27, 2, 91, 0, 7, '2017-08-15 00:00:00', 0, '2017-08-02 07:54:10', NULL, NULL, NULL, NULL, 0),
(28, 3, 91, 0, 7, '2017-08-15 00:00:00', 0, '2017-08-02 07:54:10', NULL, NULL, NULL, NULL, 0),
(29, 5, 91, 0, 7, '2017-08-15 00:00:00', 0, '2017-08-02 07:54:10', NULL, NULL, NULL, NULL, 0),
(30, 1, 91, 0, 7, '2017-08-15 00:00:00', 0, '2017-08-02 07:54:10', NULL, NULL, NULL, NULL, 0);

-- --------------------------------------------------------

--
-- Table structure for table `teaminfo`
--

CREATE TABLE `teaminfo` (
  `id` int(11) NOT NULL,
  `TeamId` int(11) NOT NULL,
  `TeamCatId` int(11) NOT NULL,
  `LeaderId` int(11) NOT NULL,
  `AFLeaderId` int(11) DEFAULT NULL,
  `ASLeaderId` int(11) DEFAULT NULL,
  `NoOfTeam` int(11) NOT NULL,
  `approval_request` tinyint(4) DEFAULT NULL,
  `approval_by` int(11) DEFAULT NULL,
  `approval_at` timestamp NULL DEFAULT NULL,
  `created_by` int(11) NOT NULL,
  `created_at` timestamp NOT NULL,
  `updated_by` int(11) DEFAULT NULL,
  `updated_at` timestamp NULL DEFAULT NULL,
  `deleted_by` int(11) DEFAULT NULL,
  `deleted_at` timestamp NULL DEFAULT NULL,
  `is_deleted` tinyint(4) DEFAULT NULL
) ENGINE=MyISAM DEFAULT CHARSET=utf8;

-- --------------------------------------------------------

--
-- Table structure for table `teams`
--

CREATE TABLE `teams` (
  `id` int(10) UNSIGNED NOT NULL,
  `name` varchar(300) CHARACTER SET utf8 NOT NULL,
  `serial` varchar(50) NOT NULL,
  `parentId` int(8) NOT NULL,
  `created_by` int(11) NOT NULL,
  `created_at` timestamp NOT NULL DEFAULT CURRENT_TIMESTAMP,
  `updated_by` int(11) DEFAULT NULL,
  `updated_at` timestamp NULL DEFAULT NULL ON UPDATE CURRENT_TIMESTAMP,
  `deleted_by` int(11) DEFAULT NULL,
  `deleted_at` datetime DEFAULT NULL,
  `is_deleted` tinyint(1) DEFAULT '0'
) ENGINE=MyISAM DEFAULT CHARSET=latin1;

--
-- Dumping data for table `teams`
--

INSERT INTO `teams` (`id`, `name`, `serial`, `parentId`, `created_by`, `created_at`, `updated_by`, `updated_at`, `deleted_by`, `deleted_at`, `is_deleted`) VALUES
(1, 'مصر', '', 0, 7, '2017-08-04 13:54:25', NULL, NULL, NULL, NULL, 0),
(2, 'لينان', '', 0, 7, '2017-08-04 13:54:25', NULL, NULL, NULL, NULL, 0),
(3, 'جمعية الكشافة البحرية', '', 1, 7, '2017-08-04 13:54:25', NULL, NULL, NULL, NULL, 0),
(4, 'جمعية الكشافة الجوية', '', 1, 7, '2017-08-04 13:54:25', NULL, NULL, NULL, NULL, 0),
(5, 'جمعية فتيان الكشافة', '', 1, 7, '2017-08-04 13:54:25', NULL, NULL, NULL, NULL, 0),
(6, 'جمعية المرشدات', '', 1, 7, '2017-08-04 13:54:25', NULL, NULL, NULL, NULL, 0),
(7, 'القاهرة', '', 3, 7, '2017-08-04 13:54:25', NULL, NULL, NULL, NULL, 0),
(8, 'الاسكندرية', '', 3, 7, '2017-08-04 13:54:25', NULL, NULL, NULL, NULL, 0),
(9, 'عابدين', '', 7, 7, '2017-08-04 13:54:25', NULL, NULL, NULL, NULL, 0),
(10, 'باب الشعرية', '', 7, 7, '2017-08-04 13:54:25', NULL, NULL, NULL, NULL, 0),
(11, 'الويلى', '', 7, 7, '2017-08-04 13:54:25', NULL, NULL, NULL, NULL, 0),
(12, 'دار السلام', '', 7, 7, '2017-08-04 13:54:25', NULL, NULL, NULL, NULL, 0),
(13, 'ام النور', '', 7, 7, '2017-08-04 13:54:25', NULL, NULL, NULL, NULL, 0),
(14, 'مركز شباب الساحل', '', 7, 7, '2017-08-04 13:54:25', NULL, NULL, NULL, NULL, 0),
(15, 'موسسة حياة', '', 7, 7, '2017-08-04 13:54:25', NULL, NULL, NULL, NULL, 0);

-- --------------------------------------------------------

--
-- Table structure for table `users`
--

CREATE TABLE `users` (
  `id` int(10) UNSIGNED NOT NULL,
  `name` varchar(255) NOT NULL,
  `email` varchar(255) NOT NULL,
  `password` varchar(60) NOT NULL,
  `remember_token` varchar(100) DEFAULT NULL,
  `phone` varchar(20) DEFAULT NULL,
  `accid` int(8) NOT NULL,
  `token` varchar(100) NOT NULL,
  `created_by` int(11) NOT NULL,
  `created_at` timestamp NOT NULL DEFAULT CURRENT_TIMESTAMP,
  `updated_by` int(11) DEFAULT NULL,
  `updated_at` timestamp NULL DEFAULT NULL ON UPDATE CURRENT_TIMESTAMP,
  `deleted_by` int(11) DEFAULT NULL,
  `deleted_at` datetime DEFAULT NULL,
  `is_deleted` tinyint(1) DEFAULT '0'
) ENGINE=MyISAM DEFAULT CHARSET=latin1;

--
-- Dumping data for table `users`
--

INSERT INTO `users` (`id`, `name`, `email`, `password`, `remember_token`, `phone`, `accid`, `token`, `created_by`, `created_at`, `updated_by`, `updated_at`, `deleted_by`, `deleted_at`, `is_deleted`) VALUES
(7, 'Shams', 'shams@gmail.com', 'e10adc3949ba59abbe56e057f20f883e', '', '', 1, 'BE94E371-3093-33D2-37D1-A187BA16FFF8', 0, '2017-07-08 01:37:46', NULL, '2017-07-15 09:33:30', NULL, NULL, 0),
(3, 'Gomaa', 'mahmoudg77@gmail.com', 'ceb6c970658f31504a901b89dcd3e461', '1', '', 7, '95554aa6-63ac-11e7-8718-fa163e616288', 0, '0000-00-00 00:00:00', NULL, '2017-07-08 01:11:35', NULL, NULL, 0),
(8, 'Elkhouly', 'elkhouly@gmail.com', 'e10adc3949ba59abbe56e057f20f883e', '', '', 19, 'E8BF7CED-8605-0849-7209-F7505CF2D3DE', 0, '2017-07-08 01:39:40', NULL, '0000-00-00 00:00:00', NULL, NULL, 0);

-- --------------------------------------------------------

--
-- Table structure for table `waitinglist`
--

CREATE TABLE `waitinglist` (
  `id` int(10) UNSIGNED NOT NULL,
  `userId` int(11) NOT NULL,
  `WaitingListTypeId` int(11) NOT NULL,
  `model` varchar(100) NOT NULL,
  `model_id` int(11) NOT NULL,
  `id_done` tinyint(1) NOT NULL DEFAULT '0',
  `created_by` int(11) NOT NULL,
  `created_at` timestamp NOT NULL DEFAULT CURRENT_TIMESTAMP,
  `updated_by` int(11) DEFAULT NULL,
  `updated_at` timestamp NULL DEFAULT NULL ON UPDATE CURRENT_TIMESTAMP,
  `deleted_by` int(11) DEFAULT NULL,
  `deleted_at` datetime DEFAULT NULL,
  `is_deleted` tinyint(1) DEFAULT '0'
) ENGINE=MyISAM DEFAULT CHARSET=latin1;

-- --------------------------------------------------------

--
-- Table structure for table `waitinglisttype`
--

CREATE TABLE `waitinglisttype` (
  `id` int(11) NOT NULL,
  `name` varchar(50) CHARACTER SET utf8 NOT NULL,
  `created_by` int(11) NOT NULL,
  `created_at` timestamp NOT NULL DEFAULT CURRENT_TIMESTAMP,
  `updated_by` int(11) DEFAULT NULL,
  `updated_at` timestamp NULL DEFAULT NULL ON UPDATE CURRENT_TIMESTAMP,
  `deleted_by` int(11) DEFAULT NULL,
  `deleted_at` datetime DEFAULT NULL,
  `is_deleted` tinyint(1) DEFAULT '0'
) ENGINE=MyISAM DEFAULT CHARSET=latin1;

--
-- Dumping data for table `waitinglisttype`
--

INSERT INTO `waitinglisttype` (`id`, `name`, `created_by`, `created_at`, `updated_by`, `updated_at`, `deleted_by`, `deleted_at`, `is_deleted`) VALUES
(1, 'تدريب', 1, '2017-08-02 04:13:37', NULL, NULL, NULL, NULL, 0),
(2, 'مخيم', 2, '2017-08-02 04:13:37', NULL, NULL, NULL, NULL, 0),
(3, 'مركز', 2, '2017-08-02 04:13:54', NULL, NULL, NULL, NULL, 0);

--
-- Indexes for dumped tables
--

--
-- Indexes for table `comp`
--
ALTER TABLE `comp`
  ADD PRIMARY KEY (`id`);

--
-- Indexes for table `compuser`
--
ALTER TABLE `compuser`
  ADD PRIMARY KEY (`id`),
  ADD KEY `mokhymId` (`campId`),
  ADD KEY `userId` (`userId`),
  ADD KEY `approval_request` (`approval_request`),
  ADD KEY `approval_by` (`approval_by`);

--
-- Indexes for table `contacttype`
--
ALTER TABLE `contacttype`
  ADD PRIMARY KEY (`id`);

--
-- Indexes for table `contactuser`
--
ALTER TABLE `contactuser`
  ADD PRIMARY KEY (`id`),
  ADD KEY `userId` (`userId`);

--
-- Indexes for table `experiences`
--
ALTER TABLE `experiences`
  ADD PRIMARY KEY (`id`);

--
-- Indexes for table `experienesuser`
--
ALTER TABLE `experienesuser`
  ADD PRIMARY KEY (`id`),
  ADD KEY `userId` (`userId`),
  ADD KEY `experieneId` (`experienceId`);

--
-- Indexes for table `hobbies`
--
ALTER TABLE `hobbies`
  ADD PRIMARY KEY (`id`);

--
-- Indexes for table `hobbiesusers`
--
ALTER TABLE `hobbiesusers`
  ADD PRIMARY KEY (`id`),
  ADD KEY `hobbiesId` (`hobbiesId`),
  ADD KEY `userId` (`userId`);

--
-- Indexes for table `images`
--
ALTER TABLE `images`
  ADD PRIMARY KEY (`id`);

--
-- Indexes for table `level`
--
ALTER TABLE `level`
  ADD PRIMARY KEY (`id`);

--
-- Indexes for table `position`
--
ALTER TABLE `position`
  ADD PRIMARY KEY (`id`);

--
-- Indexes for table `positionuser`
--
ALTER TABLE `positionuser`
  ADD PRIMARY KEY (`id`),
  ADD KEY `userId` (`userId`),
  ADD KEY `approval_by` (`approval_by`);

--
-- Indexes for table `profile`
--
ALTER TABLE `profile`
  ADD PRIMARY KEY (`Profile_ID`);

--
-- Indexes for table `protofolo`
--
ALTER TABLE `protofolo`
  ADD PRIMARY KEY (`id`);

--
-- Indexes for table `register`
--
ALTER TABLE `register`
  ADD PRIMARY KEY (`id`),
  ADD KEY `regFrom` (`regFrom`);

--
-- Indexes for table `registeryuser`
--
ALTER TABLE `registeryuser`
  ADD PRIMARY KEY (`Id`),
  ADD KEY `userId` (`userId`);

--
-- Indexes for table `sec_accessright`
--
ALTER TABLE `sec_accessright`
  ADD PRIMARY KEY (`id`),
  ADD KEY `accesstype` (`accesstype`),
  ADD KEY `model` (`model_name`);

--
-- Indexes for table `sec_group`
--
ALTER TABLE `sec_group`
  ADD PRIMARY KEY (`id`),
  ADD UNIQUE KEY `key` (`groupkey`);

--
-- Indexes for table `sec_group_category`
--
ALTER TABLE `sec_group_category`
  ADD PRIMARY KEY (`id`);

--
-- Indexes for table `sec_user_group_rel`
--
ALTER TABLE `sec_user_group_rel`
  ADD PRIMARY KEY (`id`);

--
-- Indexes for table `studies`
--
ALTER TABLE `studies`
  ADD PRIMARY KEY (`id`);

--
-- Indexes for table `studiesusers`
--
ALTER TABLE `studiesusers`
  ADD PRIMARY KEY (`id`),
  ADD KEY `userId` (`userId`),
  ADD KEY `approval_by` (`approval_by`);

--
-- Indexes for table `teams`
--
ALTER TABLE `teams`
  ADD PRIMARY KEY (`id`),
  ADD KEY `searial` (`serial`),
  ADD KEY `name` (`name`);

--
-- Indexes for table `users`
--
ALTER TABLE `users`
  ADD PRIMARY KEY (`id`),
  ADD UNIQUE KEY `email` (`email`),
  ADD KEY `token` (`token`);

--
-- Indexes for table `waitinglist`
--
ALTER TABLE `waitinglist`
  ADD PRIMARY KEY (`id`);

--
-- Indexes for table `waitinglisttype`
--
ALTER TABLE `waitinglisttype`
  ADD PRIMARY KEY (`id`);

--
-- AUTO_INCREMENT for dumped tables
--

--
-- AUTO_INCREMENT for table `comp`
--
ALTER TABLE `comp`
  MODIFY `id` int(11) UNSIGNED NOT NULL AUTO_INCREMENT, AUTO_INCREMENT=3;
--
-- AUTO_INCREMENT for table `compuser`
--
ALTER TABLE `compuser`
  MODIFY `id` int(10) UNSIGNED NOT NULL AUTO_INCREMENT, AUTO_INCREMENT=30;
--
-- AUTO_INCREMENT for table `contacttype`
--
ALTER TABLE `contacttype`
  MODIFY `id` int(11) NOT NULL AUTO_INCREMENT, AUTO_INCREMENT=5;
--
-- AUTO_INCREMENT for table `contactuser`
--
ALTER TABLE `contactuser`
  MODIFY `id` int(10) NOT NULL AUTO_INCREMENT, AUTO_INCREMENT=295;
--
-- AUTO_INCREMENT for table `experiences`
--
ALTER TABLE `experiences`
  MODIFY `id` int(10) UNSIGNED NOT NULL AUTO_INCREMENT, AUTO_INCREMENT=6;
--
-- AUTO_INCREMENT for table `experienesuser`
--
ALTER TABLE `experienesuser`
  MODIFY `id` int(10) UNSIGNED NOT NULL AUTO_INCREMENT, AUTO_INCREMENT=71;
--
-- AUTO_INCREMENT for table `hobbies`
--
ALTER TABLE `hobbies`
  MODIFY `id` int(4) UNSIGNED NOT NULL AUTO_INCREMENT, AUTO_INCREMENT=5;
--
-- AUTO_INCREMENT for table `hobbiesusers`
--
ALTER TABLE `hobbiesusers`
  MODIFY `id` int(7) UNSIGNED NOT NULL AUTO_INCREMENT, AUTO_INCREMENT=194;
--
-- AUTO_INCREMENT for table `images`
--
ALTER TABLE `images`
  MODIFY `id` int(10) UNSIGNED NOT NULL AUTO_INCREMENT, AUTO_INCREMENT=177;
--
-- AUTO_INCREMENT for table `level`
--
ALTER TABLE `level`
  MODIFY `id` int(11) NOT NULL AUTO_INCREMENT, AUTO_INCREMENT=11;
--
-- AUTO_INCREMENT for table `position`
--
ALTER TABLE `position`
  MODIFY `id` int(3) UNSIGNED NOT NULL AUTO_INCREMENT, AUTO_INCREMENT=6;
--
-- AUTO_INCREMENT for table `positionuser`
--
ALTER TABLE `positionuser`
  MODIFY `id` int(10) NOT NULL AUTO_INCREMENT, AUTO_INCREMENT=2;
--
-- AUTO_INCREMENT for table `profile`
--
ALTER TABLE `profile`
  MODIFY `Profile_ID` int(8) UNSIGNED NOT NULL AUTO_INCREMENT, AUTO_INCREMENT=112;
--
-- AUTO_INCREMENT for table `protofolo`
--
ALTER TABLE `protofolo`
  MODIFY `id` int(4) UNSIGNED NOT NULL AUTO_INCREMENT, AUTO_INCREMENT=3;
--
-- AUTO_INCREMENT for table `registeryuser`
--
ALTER TABLE `registeryuser`
  MODIFY `Id` int(7) UNSIGNED NOT NULL AUTO_INCREMENT;
--
-- AUTO_INCREMENT for table `sec_accessright`
--
ALTER TABLE `sec_accessright`
  MODIFY `id` int(8) UNSIGNED NOT NULL AUTO_INCREMENT, AUTO_INCREMENT=224;
--
-- AUTO_INCREMENT for table `sec_group`
--
ALTER TABLE `sec_group`
  MODIFY `id` int(8) UNSIGNED NOT NULL AUTO_INCREMENT, AUTO_INCREMENT=4;
--
-- AUTO_INCREMENT for table `sec_group_category`
--
ALTER TABLE `sec_group_category`
  MODIFY `id` int(8) UNSIGNED NOT NULL AUTO_INCREMENT, AUTO_INCREMENT=5;
--
-- AUTO_INCREMENT for table `sec_user_group_rel`
--
ALTER TABLE `sec_user_group_rel`
  MODIFY `id` int(8) UNSIGNED NOT NULL AUTO_INCREMENT, AUTO_INCREMENT=6;
--
-- AUTO_INCREMENT for table `studies`
--
ALTER TABLE `studies`
  MODIFY `id` int(11) UNSIGNED NOT NULL AUTO_INCREMENT, AUTO_INCREMENT=6;
--
-- AUTO_INCREMENT for table `studiesusers`
--
ALTER TABLE `studiesusers`
  MODIFY `id` int(11) UNSIGNED NOT NULL AUTO_INCREMENT, AUTO_INCREMENT=31;
--
-- AUTO_INCREMENT for table `teams`
--
ALTER TABLE `teams`
  MODIFY `id` int(10) UNSIGNED NOT NULL AUTO_INCREMENT, AUTO_INCREMENT=16;
--
-- AUTO_INCREMENT for table `users`
--
ALTER TABLE `users`
  MODIFY `id` int(10) UNSIGNED NOT NULL AUTO_INCREMENT, AUTO_INCREMENT=9;
--
-- AUTO_INCREMENT for table `waitinglist`
--
ALTER TABLE `waitinglist`
  MODIFY `id` int(10) UNSIGNED NOT NULL AUTO_INCREMENT;
--
-- AUTO_INCREMENT for table `waitinglisttype`
--
ALTER TABLE `waitinglisttype`
  MODIFY `id` int(11) NOT NULL AUTO_INCREMENT, AUTO_INCREMENT=4;
/*!40101 SET CHARACTER_SET_CLIENT=@OLD_CHARACTER_SET_CLIENT */;
/*!40101 SET CHARACTER_SET_RESULTS=@OLD_CHARACTER_SET_RESULTS */;
/*!40101 SET COLLATION_CONNECTION=@OLD_COLLATION_CONNECTION */;
